id,label,oof_pred_prob,dup_score,ood_score
train_00000,0,0.12245705902707028,0.6989746034145354,0.31941391941157943
train_00001,1,0.7179637077043979,0.6907090365886688,0.6725274725262086
train_00002,0,0.8391010043907334,0.7113762021064758,0.5164835164797328
train_00003,1,0.9863081991967234,0.6782228410243988,0.733333333327961
train_00004,1,0.2257715169116571,0.6396457433700562,0.9388278388246241
train_00005,0,0.04016305545728359,0.6863723754882812,0.8571428571402407
train_00006,1,0.503504809083334,0.7101929008960723,0.5974358974351837
train_00007,0,0.008919413525397655,0.841805225610733,0.5406593406590428
train_00008,1,0.9548331863710675,0.690740555524826,0.6417582417535403
train_00009,1,0.7808824070486751,0.6842148840427398,0.8791208791181018
train_00010,0,0.2483406151799336,0.6957308888435363,0.4879120879121765
train_00011,0,0.2108754688342029,0.9798929393291473,0.5380952380949591
train_00012,1,0.028520796331555912,0.681350439786911,0.6087912087867489
train_00013,0,0.8609475090337693,0.7064868628978729,0.5377289377286614
train_00014,0,0.5906770900545698,0.7788411557674408,0.2538461538479571
train_00015,1,0.6583993244668215,0.7053723812103272,0.37362637362729945
train_00016,0,0.536460514705607,0.6737015306949615,0.5945054945048022
train_00017,0,0.12557941424786087,0.6843474149703979,0.7190476190423514
train_00018,1,0.8833202929159,0.6786688804626464,0.2190476190496773
train_00019,0,0.2926439915502482,0.6833196759223938,0.7630036630017363
train_00020,1,0.9979221684789782,0.6048249304294586,0.8930402930337507
train_00021,0,0.3679419580834967,0.6884447157382965,0.7860805860784903
train_00022,0,0.02478697450870596,0.710855382680893,0.6717948717936133
train_00023,0,0.5748197608980835,0.6564729869365692,0.6937728937714742
train_00024,1,0.6951527395401643,0.7120942056179047,0.4981684981685116
train_00025,1,0.5916830820305012,0.7444213867187499,0.6120879120834279
train_00026,1,0.7357425757809947,0.7428762376308441,0.43772893772573096
train_00027,0,0.1426621915404797,0.9977816998958587,0.710256410251207
train_00028,0,0.18117235683316227,0.9829047381877899,0.8183150183126864
train_00029,1,0.04889152646245399,0.7005878269672394,0.8091575091515812
train_00030,0,0.31558918434768135,0.7045348167419434,0.5948717948710999
train_00031,1,0.8203900351022423,0.6604575216770172,0.7245421245404795
train_00032,0,0.0387412950058472,0.6761057794094085,0.5692307692265991
train_00033,0,0.5099171805175451,0.6847066283226013,0.6787545787532692
train_00034,1,0.9390903249293371,0.7096580207347869,0.48058608058255986
train_00035,0,0.017568465913452617,0.7202080905437469,0.7293040292986865
train_00036,0,0.8657169781784702,0.7023907482624054,0.3952380952388627
train_00037,0,0.08975431146519089,0.6717170298099517,0.5619047619043085
train_00038,0,0.4590995035718246,0.7092661023139953,0.45457875457908736
train_00039,0,0.7159260532094079,0.7113762021064758,0.5813186813144227
train_00040,0,0.6598923851222611,0.6772302210330963,0.36813186813283416
train_00041,0,0.5735594559201315,0.7043327271938324,0.6168498168489609
train_00042,0,0.49987669561099823,0.989595752954483,0.35567765567871296
train_00043,0,0.9741435615715931,0.6841538548469543,0.8860805860777576
train_00044,1,0.9760702771075402,0.72487313747406,0.30329670329814434
train_00045,1,0.7880409547647174,0.6860045611858367,0.1706959706983832
train_00046,1,0.6999745129692977,0.731151956319809,0.5842490842484671
train_00047,0,0.35564890340828836,0.7342343688011169,0.3241758241734493
train_00048,0,0.017990756560379174,0.9949164032936096,0.6047619047611372
train_00049,0,0.09551644950037476,0.6816746652126312,0.8007326007303976
train_00050,0,0.22645216796217438,0.7070093631744385,0.538095238094959
train_00051,0,0.593335083011082,0.6557140827178956,0.4428571428575615
train_00052,1,0.9771113386568041,0.6387054145336151,0.8113553113493674
train_00053,1,0.9127454414728894,0.7057352185249328,0.7967032966974601
train_00054,0,0.4481793435836225,0.7138020992279053,0.5424908424905313
train_00055,0,0.43967226457885156,0.6580519258975983,0.832600732594633
train_00056,1,0.906348407215215,0.687038516998291,0.3769230769239786
train_00057,0,0.4234127059284214,0.704787939786911,0.8322344322283353
train_00058,1,0.9425085033419256,0.719493955373764,0.6249084249075099
train_00059,0,0.7464376739951888,0.6881260454654694,0.8670329670266153
train_00060,0,0.3839087441671454,0.9952081680297852,0.6717948717899502
train_00061,1,0.03756263446921258,0.7027886867523193,0.6208791208782354
train_00062,0,0.3024296796910263,0.9584504067897797,0.40183150183222105
train_00063,0,0.1387893490021566,0.6678493976593017,0.7842490842470018
train_00064,0,0.00755508511823437,0.6797720074653626,0.6190476190467469
train_00065,0,0.23950170438573146,0.6864699721336365,0.637362637357968
train_00066,0,0.5134129329213465,0.6501001000404358,0.8553113553087524
train_00067,0,0.9035027819226357,0.6913710057735443,0.3274725274737914
train_00068,0,0.05362753802102475,0.6973968029022217,0.446886446886836
train_00069,1,0.32523557163220373,0.73798868060112,0.6479853479806009
train_00070,0,0.17529008568260146,0.6861546099185943,0.8985347985282159
train_00071,0,0.10954961496162513,0.7117730736732483,0.5318681318642354
train_00072,1,0.9376246214438404,0.6854245722293854,0.5366300366297683
train_00073,0,0.833098115014589,0.6844818711280822,0.7479853479835312
train_00074,1,0.044890752279715875,0.6698040962219238,0.5153846153845028
train_00075,0,0.4686073476500879,0.7496534645557403,0.4102564102570677
train_00076,0,0.6103714389892755,0.5946735501289367,0.6710622710610179
train_00077,0,0.05366001777499832,0.7243721902370452,0.4047619047589395
train_00078,0,0.05310006870802592,0.7074665188789367,0.4853479853480927
train_00079,0,0.021199843700271982,0.6886986255645752,0.48241758241771115
train_00080,1,0.8483250599684394,0.8244708597660064,0.18241758241990902
train_00081,1,0.8214395455499983,0.6452554285526275,0.6578754578743014
train_00082,1,0.6815163817780205,0.9922579765319824,0.6706959706910572
train_00083,0,0.16270136789805156,0.7136464595794678,0.5402930402890821
train_00084,0,0.9956273263185076,0.6750528514385223,0.591208791208123
train_00085,1,0.2741020415212526,0.6438703238964081,0.9765567765496224
train_00086,1,0.3592837457717118,0.8590680062770844,0.7282051281997934
train_00087,0,0.11120775309373444,0.9992384374141693,0.5285714285712193
train_00088,0,0.6721148615279675,0.6903881967067718,0.5941391941348415
train_00089,1,0.5961561167274123,0.7043820321559906,0.5930402930359484
train_00090,0,0.29884558123439314,0.7117966353893279,0.5355311355308753
train_00091,1,0.9349140440022574,0.7876489043235779,0.423809523806419
train_00092,1,0.8420821897134505,0.7248579204082488,0.5278388278349609
train_00093,0,0.029844898854039577,0.6717923998832702,0.9142857142826792
train_00094,0,0.1749535273870445,0.743988573551178,0.33882783882901957
train_00095,0,0.04621671700029623,0.687705898284912,0.5065934065896953
train_00096,1,0.48172634018109217,0.7266211450099944,0.553113553109501
train_00097,0,0.05092674824608039,0.6991202473640441,0.6842490842440715
train_00098,0,0.08431606326860279,0.977742612361908,0.8293040293016168
train_00099,1,0.9642896276168222,0.6997300803661346,0.34212454212569876
train_00100,0,0.8406584554052761,0.6842658936977386,0.8981684981619182
train_00101,0,0.10094327379910756,0.6944661319255829,0.7853479853422319
train_00102,0,0.6189878825326447,0.6955040633678435,0.8794871794807364
train_00103,0,0.09935867863768624,0.7048095762729645,0.7293040292986864
train_00104,0,0.32997329107053475,0.7292615950107575,0.40989010988710706
train_00105,0,0.008218215993136374,0.6926938056945801,0.48278388278034595
train_00106,0,0.3286871486774186,0.7327374517917633,0.6809523809510553
train_00107,1,0.9412138500585115,0.6569906413555144,0.4520146520113406
train_00108,0,0.34488422523399415,0.6617997109889984,0.6186813186804492
train_00109,0,0.4358991953388245,0.7096498906612396,0.6128205128196864
train_00110,0,0.02334096797348929,0.712108701467514,0.7871794871737203
train_00111,0,0.2355472365679009,0.7027682483196258,0.5131868131830536
train_00112,0,0.4334012107041282,0.6329921066761017,0.9750915750880946
train_00113,1,0.6292850849956828,0.7190086781978606,0.43772893772573096
train_00114,0,0.05004177944194391,0.6927134037017821,0.5945054945011392
train_00115,1,0.9919928082095134,0.9884204387664794,0.47435897435549923
train_00116,0,0.12357763574241211,0.7078909337520599,0.3978021977992835
train_00117,1,0.8620552857246256,0.7160100758075714,0.37985347985436
train_00118,0,0.0005450577951833438,0.6473809242248535,0.8520146520120732
train_00119,1,0.8402573272396443,0.6805780529975891,0.48534798534442974
train_00120,0,0.0027836865471296958,0.660108995437622,0.8208791208731072
train_00121,1,0.8191466805544699,0.7071018457412719,0.3644688644661944
train_00122,0,0.01989673335275046,0.6797720074653626,0.6051282051274349
train_00123,0,0.9257354327731805,0.6996735036373138,0.8538461538398987
train_00124,0,0.0890504458205487,0.9975072503089905,0.650183150178387
train_00125,1,0.04502256176686523,0.7000559270381927,0.512820512816756
train_00126,0,0.910163841267116,0.9982386589050293,0.22673992673826565
train_00127,1,0.9296320574354702,0.6379514276981353,0.7054945054893371
train_00128,0,0.9912561654484606,0.6699796855449676,0.7439560439542567
train_00129,0,0.16037599283443033,0.7140195012092589,0.6150183150138094
train_00130,0,0.02105363967242326,0.739674299955368,0.5879120879077809
train_00131,0,0.0008125714051478227,0.8005394279956817,0.5329670329631284
train_00132,0,0.9647390358792571,0.6525683403015137,0.8003663003641
train_00133,0,0.006414685418918841,0.9752576529979705,0.6736263736214387
train_00134,0,0.6172317719159707,0.9807463765144347,0.6395604395557541
train_00135,1,0.9721787061376249,0.9898544669151306,0.36739926739657586
train_00136,1,0.5217171982572886,0.6736453592777252,0.36483516483249206
train_00137,0,0.9667248889016248,0.6790980577468873,0.6424908424897986
train_00138,0,0.14383148157813358,0.6860738694667816,0.5677655677650714
train_00139,1,0.9966119379542283,0.7624000787734986,0.7695970695950946
train_00140,1,0.9821331774542046,0.9950207829475403,0.6479853479806009
train_00141,0,0.23247224324490068,0.699054056406021,0.29560439560223006
train_00142,1,0.34744345857055126,0.7146689534187316,0.543956043955722
train_00143,0,0.4099902956509085,0.740331369638443,0.28498168497959725
train_00144,0,0.07585868182996065,0.7180625140666961,0.3230769230745562
train_00145,0,0.0337913801643697,0.6835139751434326,0.5406593406590428
train_00146,0,0.07645148352870886,0.6996935367584228,0.34468864468611954
train_00147,0,0.054148816548156,0.6645787298679351,0.7307692307675402
train_00148,0,0.011955665381263168,0.6957298576831817,0.6930402930388788
train_00149,0,0.4392411323467398,0.7266225099563599,0.764468864463264
train_00150,0,0.3500044383061129,0.7101929008960723,0.5578754578713709
train_00151,1,0.9992839630005483,0.7963163793087005,0.7670329670273478
train_00152,1,0.9541383655061118,0.6684603214263916,0.5992673992630091
train_00153,1,0.07299680839675438,0.7103406846523285,0.8358974358949751
train_00154,0,0.9263548388630761,0.7126013219356537,0.6402930402883495
train_00155,1,0.7049326743799055,0.9580753445625305,0.7168498168482282
train_00156,0,0.149070022196971,0.6697034776210784,0.5168498168496933
train_00157,0,0.044045176956928896,0.6996594667434692,0.7380952380898309
train_00158,1,0.7475059473677448,0.7341987788677216,0.5212454212416027
train_00159,0,0.14889285267245184,0.9794563829898834,0.6355311355264797
train_00160,1,0.010356347582066449,0.6834234654903412,0.8589743589717291
train_00161,1,0.9915326823499502,0.6759732007980346,0.589010989010337
train_00162,0,6.349681501091763e-05,0.7460607290267944,0.7798534798477667
train_00163,1,0.8061411921473361,0.6956139624118804,0.7245421245404796
train_00164,1,0.7111670943707041,0.7681146085262298,0.27692307692104823
train_00165,0,0.25729673644255174,0.6451959192752839,0.6776556776543761
train_00166,0,0.7149158139655584,0.7207131862640381,0.6032967032922836
train_00167,1,0.4766996041843101,0.7020247042179107,0.5333333333330891
train_00168,0,0.3139473765962162,0.6801886022090912,0.5245421245382818
train_00169,0,0.6513981212761495,0.6269850790500641,0.7208791208775027
train_00170,0,0.01588528019300839,0.6540747106075286,0.6945054945004066
train_00171,0,0.5959072779090024,0.672389155626297,0.8399267399242496
train_00172,0,0.6825314018350469,0.6846531987190246,0.5227106227067934
train_00173,0,0.003977172192961485,0.6828537583351135,0.5230769230730911
train_00174,0,0.1271431522501015,0.6844971001148223,0.712454212452656
train_00175,1,0.9998001523143054,0.974981939792633,0.5413919413916382
train_00176,1,0.9850080866222913,0.6841197073459625,0.7120879120826954
train_00177,1,0.15773400103047738,0.8351058065891266,0.786446886444788
train_00178,0,0.4269590654826667,0.6851575791835784,0.7003663003611695
train_00179,0,0.557059989910686,0.6969754278659821,0.5857142857099948
train_00180,0,0.3454304676822584,0.6797646045684814,0.8761904761840573
train_00181,1,0.8165546522044025,0.7164027214050293,0.4113553113522978
train_00182,1,0.9883339899616412,0.7113930583000183,0.6065934065889627
train_00183,0,0.6181346500235233,0.6628474652767181,0.5355311355272122
train_00184,0,0.08759637617463463,0.7050907731056213,0.7487179487161266
train_00185,0,0.20512372213473223,0.7439847230911254,0.3985347985318789
train_00186,0,0.27992763801520854,0.7675558388233185,0.219413919415975
train_00187,1,0.5539182270833488,0.9778383553028106,0.3999999999970696
train_00188,1,0.5235003097482296,0.8781347453594207,0.8003663003641
train_00189,0,0.10573145057288419,0.6968921780586242,0.634065934061289
train_00190,1,0.6133879528104556,0.6820030391216279,0.7824175824155134
train_00191,1,0.743833356310084,0.70197314620018,0.3179487179463887
train_00192,1,0.8253836644862795,0.6882870256900787,0.47399267399286454
train_00193,0,0.8570325548382939,0.654878282546997,0.763369963368034
train_00194,1,0.2748285560665451,0.9762150347232819,0.83150183149574
train_00195,0,0.4679245201415818,0.9947198569774628,0.6611721611673175
train_00196,0,0.12552919281193495,0.7067129731178283,0.5802197802155296
train_00197,0,0.012550644243191359,0.7750774502754212,0.6827838827788808
train_00198,1,0.9449019816590866,0.7081873416900635,0.44249084248760084
train_00199,1,0.12233836845166926,0.7120191037654877,0.5164835164797328
train_00200,0,0.9570020907138437,0.6859583556652069,0.869597069594362
train_00201,1,0.9142362100329914,0.6644173324108124,0.6846153846140322
train_00202,0,0.0020072148819480352,0.7019392132759095,0.2578754578735687
train_00203,0,0.6155134240149378,0.6945662558078766,0.8421245421183727
train_00204,0,0.32783436021928697,0.6343045890331268,0.7234432234415865
train_00205,1,0.1659708553617117,0.7163590073585511,0.45934065933729423
train_00206,1,0.8154558373271821,0.690878403186798,0.8479853479791357
train_00207,0,0.0009601538738450182,0.6777693092823028,0.5472527472524011
train_00208,0,0.6838364344889715,0.6785020649433136,0.7190476190423514
train_00209,0,0.0014417243225086078,0.6895149290561675,0.7626373626317756
train_00210,0,0.13271281788411188,0.6883866012096405,0.8161172161149002
train_00211,1,0.8086949465161289,0.6745485007762908,0.8227106227082586
train_00212,0,0.09235770251682442,0.6693631112575531,0.2692307692324598
train_00213,0,0.011394412645355323,0.7069826245307922,0.5743589743547666
train_00214,1,0.7897833802483395,0.6992369949817657,0.15384615384502678
train_00215,0,0.9366737020000304,0.650912594795227,0.8582417582391337
train_00216,0,0.4240995103795739,0.6737847805023194,0.6531135531124315
train_00217,1,0.9209627010053448,0.6798085987567901,0.37069597069691795
train_00218,0,0.3497284478172404,0.7148761749267578,0.5461538461498451
train_00219,1,0.6343131427667636,0.7481936156749724,0.4190476190445491
train_00220,0,0.11541873969389778,0.7020236015319824,0.5714285714243852
train_00221,0,0.3998543580771373,0.6639357149600982,0.6468864468817078
train_00222,0,0.44569280118419896,0.6604355275630951,0.5333333333294262
train_00223,0,0.0024552533229532277,0.6649232923984527,0.6923076923026206
train_00224,0,0.7137305032640047,0.704936647415161,0.6758241758192247
train_00225,0,0.1203650448293592,0.6439871966838837,0.5435897435857613
train_00226,0,0.8516538719061335,0.7266211450099944,0.590109890105567
train_00227,0,0.9501915113553047,0.7121755838394165,0.49377289376927647
train_00228,0,0.998937776816591,0.6682785391807555,0.8227106227082586
train_00229,0,0.003089882515677002,0.9995807766914367,0.310622710620435
train_00230,1,0.9586716360676651,0.6341374278068542,0.9798534798463014
train_00231,1,0.6159912834766963,0.7433330535888671,0.5846153846111017
train_00232,0,0.5034832589432772,0.7130560338497162,0.4600732600698896
train_00233,0,0.3608978813233563,0.7041941702365875,0.8062271062211999
train_00234,0,0.14247518337799428,0.6922047853469848,0.5648351648310269
train_00235,1,0.06559020150106577,0.6815375745296478,0.8208791208767702
train_00236,0,0.38465352069666925,0.775680410861969,0.6304029304019751
train_00237,1,0.5844999895404499,0.692925328016281,0.5421245421242336
train_00238,1,0.004650748291162288,0.6434494853019714,0.8893772893744368
train_00239,0,0.5199565923322718,0.7089805603027344,0.7021978021963209
train_00240,0,0.5533617865452378,0.6887134194374085,0.35457875457615695
train_00241,1,0.9492025115027158,0.7062949776649474,0.8021978021955883
train_00242,0,0.024424053923674374,0.7044765412807464,0.5326007325968308
train_00243,0,0.05087659742681405,0.6954983353614808,0.657142857138043
train_00244,1,0.14122398833521413,0.9642643749713897,0.561172161171713
train_00245,1,0.9902917602724729,0.6681571900844574,0.8468864468839056
train_00246,0,0.6703779010223674,0.693356317281723,0.5238095238056865
train_00247,0,0.3105402790294126,0.6792490959167481,0.9084249084219163
train_00248,0,0.9983658657463422,0.6424260079860686,0.9047619047589395
train_00249,0,0.00767334878087044,0.656792140007019,0.8285714285690216
train_00250,0,0.07809616230409647,0.7731427669525146,0.38681318681035304
train_00251,0,0.24330293424757182,0.7875816404819489,0.6772893772880785
train_00252,0,0.7026527595859771,0.6968007683753967,0.577289377288811
train_00253,1,0.7919550565016226,0.6622306048870086,0.6190476190467469
train_00254,0,0.9077700373735208,0.6977960765361786,0.673260073258804
train_00255,1,0.750830021180284,0.9685564577579499,0.5007326007289324
train_00256,0,0.014287286526423158,0.6886544942855835,0.6560439560428128
train_00257,1,0.4739233181266387,0.670050448179245,0.4329670329638611
train_00258,0,0.5747477275224266,0.9933544337749481,0.5948717948710998
train_00259,1,0.29456451198095934,0.6686635375022888,0.8150183150123442
train_00260,0,0.3645642362072035,0.6941890895366669,0.43553113552794487
train_00261,1,0.21071567439727762,0.9794563829898834,0.6227106227060608
train_00262,0,0.934363250158265,0.7023907482624054,0.524175824175647
train_00263,1,0.15948206778740082,0.7046227037906647,0.6223443223397631
train_00264,1,0.9253061067047753,0.6948260128498077,0.538095238091296
train_00265,0,0.2930219153304256,0.7279324948787689,0.4586080586046989
train_00266,0,0.09718096043010424,0.9605003416538238,0.45201465201134056
train_00267,0,0.484409894604731,0.7127365052700043,0.340659340656845
train_00268,1,0.34774909263409154,0.6790564060211182,0.6761904761891855
train_00269,0,0.4510975578316052,0.6889647483825683,0.2897435897451301
train_00270,0,0.09932873826580124,0.800531929731369,0.5058608058570999
train_00271,0,0.9264806346865414,0.6725353300571442,0.576190476189918
train_00272,1,0.7889820827347835,0.7055367588996887,0.1421245421271639
train_00273,1,0.033478056478947936,0.6869819581508636,0.6003663003619021
train_00274,0,0.048888087511586915,0.9985055387020111,0.6684981684932711
train_00275,0,0.9673595486605853,0.7062995910644532,0.6758241758192247
train_00276,0,0.026657671206259767,0.9950333297252655,0.5765567765525528
train_00277,0,0.13205934261886756,0.8567626059055329,0.5652014651973246
train_00278,1,0.9610289460521422,0.6987192213535309,0.40036630036703025
train_00279,1,0.5908000813963649,0.6745226025581359,0.5468864468861034
train_00280,1,0.3907511928920898,0.685203617811203,0.7282051282034564
train_00281,0,0.7418004887858723,0.7064503371715545,0.4435897435901568
train_00282,1,0.8946933808588099,0.6993385136127472,0.17692307692178078
train_00283,0,0.03888191907974325,0.9620436370372772,0.5538461538420965
train_00284,1,0.8953768218840962,0.6428738236427307,0.6457875457828148
train_00285,1,0.9201799108843521,0.7063806653022766,0.7260073260020072
train_00286,1,0.05107345542832589,0.7152244746685028,0.4113553113559607
train_00287,0,0.19245118907820352,0.7080167412757874,0.6816849816836508
train_00288,0,0.34806881987655003,0.9952081680297852,0.687179487174453
train_00289,0,0.9052090994310747,0.7481936156749724,0.553113553109501
train_00290,1,0.6198313476398648,0.6966808855533599,0.523076923076754
train_00291,0,0.16937733212758455,0.6786753356456756,0.668498168496934
train_00292,0,0.008927304279159654,0.680155223608017,0.8223443223419609
train_00293,0,0.2762091610022975,0.7098316192626952,0.5135531135493513
train_00294,0,0.7234814597485947,0.6970102369785309,0.7523809523754406
train_00295,0,0.5635144041497276,0.7186159551143646,0.36117216117317824
train_00296,1,0.9766719380321531,0.6950618922710419,0.506959706959656
train_00297,1,0.3128616577743517,0.7508490741252899,0.7208791208738398
train_00298,1,0.6071662790021122,0.6618048310279846,0.7304029304012425
train_00299,1,0.47487270709055873,0.7101446509361267,0.41135531135596076
train_00300,0,0.08013252438882826,0.6928524076938629,0.627106227105296
train_00301,0,0.07989791884203827,0.841805225610733,0.46300366300393403
train_00302,1,0.1786117407919198,0.6820607721805572,0.4450549450553476
train_00303,0,0.016676601335086624,0.70747252702713,0.49487179486816946
train_00304,0,0.052524905920675956,0.6468454301357269,0.5238095238093494
train_00305,0,0.05883417267518725,0.683171170949936,0.6468864468853708
train_00306,1,0.4966651977750782,0.7134677588939666,0.6652014652002549
train_00307,0,0.09057698634942385,0.6952635228633881,0.4567765567732105
train_00308,1,0.6913429561419489,0.6774094521999359,0.8073260073237558
train_00309,1,0.09953121185757947,0.704765921831131,0.5805860805818273
train_00310,1,0.32006391357225483,0.7069826245307922,0.5142857142819467
train_00311,1,0.9722353300334794,0.6652724325656891,0.7901098901041018
train_00312,1,0.40025317398218707,0.7114792764186859,0.39706959706668815
train_00313,1,0.5247194118770382,0.9751672327518462,0.6036630036585813
train_00314,0,0.9545734664560322,0.5933348894119262,0.7073260073208255
train_00315,0,0.2789069349874057,0.7285189628601074,0.26117216117391084
train_00316,0,0.05288761688707726,0.6664208471775055,0.9479853479820661
train_00317,1,0.9628512991898409,0.7335488855838775,0.5505494505454173
train_00318,0,0.05754056628039591,0.94076127409935,0.5512820512816756
train_00319,0,0.31587413317213375,0.6467478692531585,0.8794871794843995
train_00320,0,0.028992456842962915,0.6809798181056976,0.6388278388268218
train_00321,0,0.5183012677889962,0.7361983478069305,0.3831501831510392
train_00322,1,0.8442767170555708,0.6843591749668121,0.7021978021963209
train_00323,0,0.5854207739566545,0.6188523709774016,0.5824175824133156
train_00324,0,0.8843283076441983,0.6950618922710419,0.47362637362290383
train_00325,1,0.7746715918178412,0.6969754278659821,0.5131868131830536
train_00326,0,0.1142611082166711,0.8364015519618988,0.6809523809473923
train_00327,1,0.994954164281684,0.6687500894069671,0.8260073260012748
train_00328,1,0.31614114571752294,0.6631221771240234,0.8263736263712353
train_00329,0,0.4795500836565946,0.8219432055950164,0.7212454212438004
train_00330,0,0.0732139022436758,0.7000020682811736,0.5120879120841606
train_00331,0,0.017985769350347795,0.6926938056945801,0.8282051282027239
train_00332,0,0.49353348338718317,0.6823432922363282,0.5402930402890822
train_00333,0,0.13271367503045023,0.7356838285923004,0.6010989010981604
train_00334,0,0.004683005269783872,0.716243290901184,0.6560439560428128
train_00335,0,0.6883851041155038,0.7003236293792725,0.6978021978007487
train_00336,1,0.9522740070375834,0.6768987953662873,0.7190476190423514
train_00337,0,0.7586464552712772,0.7117966353893279,0.5692307692265991
train_00338,0,0.5011887659295092,0.7179141461849212,0.49670329670332086
train_00339,1,0.5736733424865289,0.6955745458602904,0.20695970696185373
train_00340,0,0.8792979953292303,0.6175097107887269,0.6695970695921641
train_00341,1,0.9985889149682498,0.9634069561958313,0.1948717948740302
train_00342,1,0.3122091129990659,0.6950629770755767,0.8534798534772639
train_00343,1,0.7007777455754715,0.7163590073585511,0.5172161172123281
train_00344,0,0.01071013610742598,0.6946121394634246,0.45274725274759886
train_00345,1,0.2974151615791981,0.7081898391246795,0.49926739926740465
train_00346,0,0.00720361135166854,0.9752576529979705,0.5644688644647292
train_00347,1,0.9771329598763833,0.6979403555393219,0.3663003662976828
train_00348,0,0.5049478135656211,0.9807463765144347,0.6047619047574744
train_00349,0,0.23707425306679084,0.6844273567199707,0.5761904761862551
train_00350,0,0.34311954145145607,0.6669772624969482,0.7197802197749468
train_00351,0,0.8389829429137787,0.6289273560047149,0.9571428571395082
train_00352,0,0.1922706410696118,0.7020797371864318,0.39999999999706964
train_00353,1,0.678929811131376,0.7252361834049225,0.3728937728910411
train_00354,1,0.3907695117292272,0.6897755444049836,0.6358974358927774
train_00355,0,0.6753497597598016,0.6923744797706604,0.4882783882748112
train_00356,1,0.006048208128639845,0.6961059093475341,0.34432234432348485
train_00357,0,0.006935650734458759,0.6971274077892303,0.7432234432179985
train_00358,0,0.9061231144222691,0.6358199656009673,0.9010989010959627
train_00359,1,0.2675245109721465,0.698739904165268,0.4183150183119537
train_00360,0,0.07593918335913896,0.6654963433742522,0.6245421245412122
train_00361,0,0.146867177274152,0.6944221138954163,0.6996336996322372
train_00362,0,0.03552868325724779,0.6837500751018524,0.9036630036600465
train_00363,1,0.9567375777627544,0.6823005139827728,0.7296703296686471
train_00364,0,0.1635280142297476,0.7010917484760284,0.6194139194093817
train_00365,0,0.04126453173063672,0.6819828927516938,0.5659340659299199
train_00366,0,0.2576559618664258,0.7060266256332397,0.5109890109852675
train_00367,0,0.9178841507570658,0.6966596066951751,0.4065934065940909
train_00368,0,0.9465809592072896,0.6521599411964416,0.5853479853473601
train_00369,0,0.008178823905408188,0.6937914311885833,0.5974358974351837
train_00370,0,0.0032488767710176264,0.6881357491016388,0.8043956043933744
train_00371,0,0.13235293064383855,0.686449009180069,0.46959706959362935
train_00372,1,0.02082160379890179,0.8147382855415344,0.6128205128196863
train_00373,1,0.724749877709128,0.6842370510101319,0.43736263735943326
train_00374,1,0.5577576933950601,0.6506853759288788,0.45860805860836185
train_00375,0,0.01656837605903171,0.6922087371349335,0.9494505494435939
train_00376,0,0.0576162102019311,0.6856034576892853,0.5326007326004938
train_00377,1,0.477948346808748,0.6855161368846894,0.5161172161134351
train_00378,0,0.448407090967159,0.6882808685302735,0.6333333333323565
train_00379,0,0.5387043074414753,0.7039374768733978,0.4750915750917576
train_00380,1,0.9140819591957166,0.6674168765544891,0.7846153846132995
train_00381,1,0.9783529224218849,0.7097728312015533,0.4901098901099626
train_00382,1,0.21323306466235403,0.7092571794986724,0.6703296703284225
train_00383,1,0.2929577732079999,0.6797240436077118,0.5109890109852675
train_00384,0,0.8795651619114248,0.7057644903659821,0.49999999999633704
train_00385,0,0.18235977544207804,0.8095682442188263,0.32710622710383075
train_00386,1,0.1499757148343561,0.6159351110458373,0.6589743589731943
train_00387,0,0.0003133499296030277,0.6692677557468414,0.7003663003611695
train_00388,0,0.2093030020297267,0.6673804879188537,0.6853479853429645
train_00389,1,0.22840940369589854,0.7001098334789275,0.34175824175573805
train_00390,0,0.9085987492767139,0.6979403555393219,0.4879120879085135
train_00391,1,0.6943511694872352,0.731151956319809,0.6454212454201801
train_00392,0,0.3102441829242484,0.6823191583156585,0.4890109890110695
train_00393,0,0.7909773210337335,0.8230050742626189,0.5051282051281676
train_00394,0,0.973243918261302,0.7722618758678437,0.7139194139178467
train_00395,1,0.02677776986420307,0.7657127499580383,0.348717948719057
train_00396,1,0.9849285068513183,0.723384016752243,0.20512820512670238
train_00397,1,0.9991244949153495,0.6405991911888123,0.6021978021970535
train_00398,0,0.7716544469110524,0.6931760370731354,0.8996336996307719
train_00399,0,0.008934641917093948,0.6894247651100158,0.7080586080570839
train_00400,0,0.7075527126975373,0.6949596464633941,0.508058608054886
train_00401,1,0.990429016886429,0.9899677693843841,0.29523809523593236
train_00402,1,0.9540446105796835,0.8211463391780853,0.14212454212350095
train_00403,1,0.7674897847711191,0.9762150347232819,0.8065934065874976
train_00404,0,0.2460787969297759,0.7112106025218963,0.4128205128174885
train_00405,1,0.9578391288408472,0.7013854026794433,0.4476190476194314
train_00406,0,0.0372298728203398,0.6841133236885071,0.4868131868132834
train_00407,1,0.092501713339255,0.6798017084598541,0.9021978021948557
train_00408,0,0.35265531955335105,0.9995541632175445,0.7282051282034564
train_00409,1,0.23927929908697265,0.6847425103187561,0.4813186813188182
train_00410,0,0.05147864592345461,0.6906705021858215,0.8183150183090234
train_00411,0,0.6115289579830212,0.7059086263179779,0.7959706959648647
train_00412,0,0.15060095239349505,0.7172027647495269,0.5714285714280481
train_00413,0,0.2640961154340975,0.6853795349597931,0.5179487179449235
train_00414,1,0.8897447607922391,0.6847774088382721,0.4926739926740463
train_00415,0,0.36534121005393605,0.6949021875858307,0.9344322344290519
train_00416,0,0.03711698259495046,0.9532232761383056,0.30915750915524426
train_00417,1,0.021837487876311987,0.6867705702781677,0.7670329670273478
train_00418,0,0.928039542610593,0.6774898588657379,0.6791208791195669
train_00419,0,0.7895811224331303,0.9988961577415466,0.74139194138651
train_00420,0,0.19093415810859288,0.9975072503089905,0.6260073260027399
train_00421,0,0.561702823379122,0.7134998738765717,0.3021978021955883
train_00422,0,0.06385892986181076,0.6818561136722565,0.68131868131369
train_00423,1,0.9899370723204529,0.6426429212093353,0.5065934065933584
train_00424,1,0.5526097264618126,0.6960542261600494,0.6186813186804492
train_00425,0,0.2693487518822988,0.6833610177040099,0.7688644688588362
train_00426,0,0.003691713169283306,0.6760833859443665,0.5703296703291552
train_00427,0,0.19939314346378195,0.7496534645557403,0.45934065933729423
train_00428,0,0.1314041008488729,0.7125764667987824,0.37289377289470405
train_00429,0,0.755210552017849,0.9988961577415466,0.7670329670273479
train_00430,0,0.7464395152070409,0.690108448266983,0.20219780219998387
train_00431,0,0.033815598141704796,0.6932924211025238,0.5622710622706061
train_00432,1,0.46035652084321665,0.8351058065891266,0.7417582417564706
train_00433,1,0.8063973461614441,0.6847073972225188,0.6428571428524332
train_00434,0,0.11811824063769161,0.6878008127212525,0.6318681318671658
train_00435,1,0.30921049944205625,0.9938894748687744,0.8758241758214225
train_00436,0,0.0037790062527159945,0.7728021264076232,0.35897435897539215
train_00437,0,0.3307722652251891,0.7032938122749328,0.5362637362634706
train_00438,1,0.9797017757320311,0.7058284103870391,0.4234432234401213
train_00439,1,0.6939330640249238,0.9751672327518462,0.7076923076871232
train_00440,0,0.06591769700969109,0.7072854816913605,0.5794871794829342
train_00441,1,0.8627146509659366,0.6918883979320526,0.6347985347975473
train_00442,1,0.9250122915533261,0.7876489043235779,0.45201465201134056
train_00443,0,0.04277004809932639,0.7327374517917633,0.6435897435886917
train_00444,1,0.8389797066608052,0.7459445714950561,0.5223443223404957
train_00445,1,0.6679464730017695,0.6931247174739837,0.4875457875422158
train_00446,1,0.052084615172973296,0.6754440724849701,0.6168498168489609
train_00447,0,0.13338936956690903,0.9992384374141693,0.5197802197764119
train_00448,0,0.044823929762870765,0.6864941477775574,0.6769230769181178
train_00449,0,0.628558556426372,0.7102470457553863,0.490842490838895
train_00450,0,0.12948837100405694,0.7875816404819489,0.5476190476186987
train_00451,1,0.965672213162758,0.6840983986854553,0.45897435897465955
train_00452,0,0.14874058837700294,0.8032510519027709,0.6183150183141515
train_00453,1,0.6120624183631341,0.8002905905246734,0.4494505494509198
train_00454,0,0.7571834494439732,0.6949899017810821,0.7395604395550215
train_00455,0,0.07114263494182235,0.8701201438903808,0.2018315018300232
train_00456,0,0.6618645181148746,0.7223485291004181,0.690476190474795
train_00457,0,0.10963135098026422,0.7180472195148468,0.5076923076885884
train_00458,1,0.26110794757162514,0.6887493193149566,0.6380952380942264
train_00459,1,0.12570988775525443,0.6313371002674102,0.7263736263683049
train_00460,0,0.05436674493066208,0.6946121394634246,0.7216117216100981
train_00461,0,0.34372936961912587,0.6911604583263398,0.6637362637314013
train_00462,0,0.830561196365274,0.7005628585815429,0.4886446886411089
train_00463,1,0.9237015944700432,0.66750168800354,0.8087912087852837
train_00464,1,0.29051290279115255,0.7075935542583465,0.5468864468861034
train_00465,1,0.9993441035763743,0.974981939792633,0.31904761904894463
train_00466,0,0.09173042333103232,0.9532232761383056,0.30402930403073974
train_00467,1,0.9443837566207981,0.9580753445625305,0.5714285714280481
train_00468,1,0.8233948704180721,0.6780118286609649,0.40329670329741174
train_00469,0,0.0861775633759171,0.6714143753051758,0.5776556776551087
train_00470,1,0.1315324030420144,0.6892291843891143,0.7824175824155135
train_00471,1,0.9168060856943241,0.6903871119022369,0.42967032967084495
train_00472,0,0.14596803792002216,0.6965760409832,0.4208791208760375
train_00473,0,0.02416059978833077,0.976875740289688,0.5227106227067934
train_00474,1,0.861438077059449,0.6792771339416503,0.6553113553065546
train_00475,1,0.8658851780875794,0.6959953844547271,0.46300366300027107
train_00476,0,0.00667678644626763,0.9995807766914367,0.2970695970710837
train_00477,1,0.8338893231265012,0.9991137146949768,0.7446886446868521
train_00478,0,0.10358225424260123,0.6845798671245575,0.9091575091545117
train_00479,0,0.04475061143063384,0.7907591223716736,0.528937728937517
train_00480,1,0.692179276258356,0.7408404529094696,0.4336996337001194
train_00481,1,0.20588195032987602,0.7013676106929778,0.49084249084255793
train_00482,1,0.6779368094125263,0.7060334742069244,0.5124542124504582
train_00483,0,0.5312188874999985,0.6661755621433259,0.8003663003641
train_00484,1,0.48721788498729324,0.6823027074337005,0.325641025642303
train_00485,0,0.04110505349025228,0.7120942056179047,0.6805860805810947
train_00486,1,0.9998570448888663,0.8838320374488831,0.29230769230921383
train_00487,1,0.06038301353039699,0.7214323997497558,0.44505494505168464
train_00488,0,0.02488470650864981,0.685573548078537,0.5575091575087362
train_00489,0,0.7399307439834398,0.9833113551139832,0.7014652014600626
train_00490,0,0.009331745985341847,0.7078909337520599,0.8333333333272284
train_00491,0,0.01935253008715263,0.6341374278068542,0.92161172160497
train_00492,0,0.03162633337232447,0.7234721481800079,0.5172161172123281
train_00493,0,0.49180199239863326,0.6961559772491455,0.7824175824118504
train_00494,0,0.8833804192302009,0.695842558145523,0.5351648351645776
train_00495,1,0.9887411834528118,0.9899677693843841,0.2853479853495579
train_00496,1,0.8574032565741745,0.7294913947582244,0.39963369963077194
train_00497,1,0.765296484513837,0.9892060399055481,0.47362637362656684
train_00498,0,0.023740407399192913,0.6966410160064698,0.5849816849810624
train_00499,0,0.4093781329847172,0.68395237326622,0.4183150183119538
train_00500,1,0.9592622807947911,0.700702565908432,0.38278388278107855
train_00501,1,0.45124051407937393,0.7061892569065094,0.7959706959648647
train_00502,0,0.1397605057802537,0.9977816998958587,0.7893772893751694
train_00503,1,0.912513468584624,0.6963766694068909,0.8362637362576099
train_00504,0,0.005108957696797682,0.8005394279956817,0.598168498164116
train_00505,1,0.5217106989934941,0.6937332272529602,0.3791208791217647
train_00506,1,0.44535015983587406,0.7067129731178283,0.6959706959692603
train_00507,1,0.06442342800696599,0.7485574662685395,0.6087912087867489
train_00508,0,0.02514510517391807,0.9859382569789886,0.3333333333345543
train_00509,1,0.010691386503600445,0.7797500193119049,0.5322344322341961
train_00510,1,0.8721260850603957,0.7311689972877502,0.45970695970359193
train_00511,0,0.02383760670032052,0.693980473279953,0.7882783882762764
train_00512,1,0.748811211120554,0.671695476770401,0.5347985347946169
train_00513,0,0.253956065541526,0.703264445066452,0.4553113553080197
train_00514,1,0.9465470010316679,0.6506956994533539,0.7970695970637578
train_00515,0,0.21829901648441888,0.696629786491394,0.8981684981619182
train_00516,1,0.8947895472653743,0.7722618758678437,0.8816849816821855
train_00517,0,0.0046285895984966244,0.6748901307582855,0.7608058608002872
train_00518,0,0.8506874062923943,0.696503221988678,0.2128205128226167
train_00519,1,0.14111422148272657,0.6803465068340302,0.46227106227133863
train_00520,1,0.08205101614872895,0.6918009459972381,0.42930402930454714
train_00521,0,0.05839721773913053,0.7897559106349945,0.7010989010974279
train_00522,1,0.9137424486574275,0.6921651840209961,0.37985347985069706
train_00523,1,0.8844565834362674,0.6759732007980346,0.6175824175815562
train_00524,0,0.4271816032737664,0.6930863499641418,0.36959706959436195
train_00525,0,0.9170290183602715,0.7062987387180328,0.5047619047618699
train_00526,0,0.026991250608598003,0.6992705047130585,0.5098901098863745
train_00527,0,0.12010689228391494,0.6766667306423186,0.6934065934051765
train_00528,0,0.047224562662280874,0.6727830946445466,0.7472527472509358
train_00529,0,0.9243994692374535,0.7214323997497558,0.3344322344297844
train_00530,1,0.8772228869688784,0.6982764661312103,0.3743589743598948
train_00531,1,0.11319680849556914,0.706170243024826,0.7311355311301748
train_00532,1,0.1639458656848396,0.7095254182815551,0.4871794871795811
train_00533,1,0.9366548834327666,0.7013854026794433,0.3560439560450107
train_00534,0,0.5024024879480655,0.7153343677520752,0.1890109890096043
train_00535,0,0.05355244048287834,0.6793256580829621,0.5875457875414832
train_00536,0,0.010990759665895852,0.7020797371864318,0.41684981684676303
train_00537,0,0.13793204540543094,0.6401016056537627,0.657142857138043
train_00538,0,0.003205320078054554,0.6998277723789215,0.56117216116805
train_00539,0,0.012019519322762514,0.7490624010562896,0.5194139194101142
train_00540,0,0.8202742319680799,0.6815349280834198,0.953846153839166
train_00541,1,0.39086398941261513,0.6811677634716033,0.5699633699628575
train_00542,1,0.9936828254774813,0.6543201565742492,0.3648351648361551
train_00543,1,0.9693809841893107,0.664103901386261,0.5586080586076292
train_00544,0,0.06821481096463816,0.693980473279953,0.7853479853458949
train_00545,0,0.118019753738751,0.6542913138866424,0.7498168498113567
train_00546,0,0.1249502126028908,0.6941577553749084,0.7285714285697541
train_00547,1,0.7981738532275958,0.6811949789524079,0.5655677655672852
train_00548,0,0.9865157964129065,0.719493955373764,0.7531135531116988
train_00549,1,0.017854002258293873,0.6986757099628449,0.8351648351587169
train_00550,0,0.19996232811531048,0.6476657569408417,0.7648351648332247
train_00551,0,0.5792392335348511,0.9637258589267731,0.3069597069611212
train_00552,0,0.011278303266295838,0.8364015519618988,0.6970695970644905
train_00553,1,0.1550313620178311,0.7119052410125732,0.6358974358964403
train_00554,1,0.9748892301961746,0.6737595558166504,0.6380952380942264
train_00555,0,0.03869134282226495,0.6950882494449615,0.42124542124599823
train_00556,1,0.9951173068387859,0.6710675299167632,0.36813186813283416
train_00557,0,0.8929708672321064,0.7069580733776093,0.3956043956051604
train_00558,0,0.362162353305279,0.6927134037017821,0.6461538461527754
train_00559,0,0.2615191571047146,0.707102084159851,0.2908424908403602
train_00560,0,0.15505320962119365,0.6911019742488861,0.5435897435857613
train_00561,0,0.09585633551782839,0.6728987753391266,0.6901098901084974
train_00562,0,0.6160682717923108,0.6441002368927002,0.5747252747247273
train_00563,1,0.8474262576550298,0.6704607367515564,0.42967032967084484
train_00564,1,0.8449899353926683,0.6877763748168946,0.2428571428553637
train_00565,1,0.8461306913566723,0.6982764661312103,0.4003663003633673
train_00566,1,0.5923633369680389,0.6945292890071868,0.6666666666654457
train_00567,1,0.6084069713623103,0.6950055420398712,0.49963369963003934
train_00568,0,0.9056628589826501,0.684353131055832,0.7465201465183405
train_00569,1,0.22129448882506603,0.6577481925487518,0.7080586080570839
train_00570,1,0.965616101020734,0.6712549388408661,0.4706959706961854
train_00571,1,0.5244808285557953,0.6767269194126129,0.6604395604347222
train_00572,1,0.9586016216401017,0.648570305109024,0.5095238095237398
train_00573,0,0.3641398119151074,0.6986158907413482,0.7263736263683049
train_00574,1,0.9462398237984768,0.7010659396648407,0.5058608058570999
train_00575,0,0.23991255533501815,0.694866520166397,0.8369963369938682
train_00576,0,0.36651109062555753,0.6954983353614808,0.7069597069581908
train_00577,1,0.9997643263812294,0.698709499835968,0.5454212454172497
train_00578,1,0.9937261988176642,0.6737277448177337,0.665201465196592
train_00579,0,0.002560950047868055,0.6950673103332519,0.6095238095193442
train_00580,0,0.40635824955992306,0.9829047381877899,0.7219780219763958
train_00581,0,0.5371556100856235,0.9577121257781982,0.5355311355272122
train_00582,1,0.06409201334148665,0.6907798409461975,0.6564102564054476
train_00583,0,0.17003673816332723,0.7129273116588593,0.5721611721606434
train_00584,0,0.8028905094185043,0.6882870256900787,0.41978021978080743
train_00585,1,0.7870134249154627,0.6856527209281922,0.614285714284877
train_00586,1,0.5293384191647996,0.6837619364261627,0.664102564097699
train_00587,0,0.5819658773389677,0.6968007683753967,0.5849816849810624
train_00588,0,0.2782128747195684,0.681655079126358,0.8531135531073033
train_00589,0,0.8075367182090886,0.9622018873691559,0.4945054945055347
train_00590,1,0.5985388463530731,0.7240129888057709,0.34212454212203575
train_00591,1,0.021543813842057877,0.6954557180404664,0.8010989010966952
train_00592,0,0.01656259522775324,0.800531929731369,0.5307692307653424
train_00593,1,0.10323638585744543,0.7237385988235474,0.34578754578867554
train_00594,0,0.5375827468490803,0.6857499301433563,0.3571428571439037
train_00595,0,0.47403107174486186,0.6845295906066895,0.7282051281997934
train_00596,1,0.957425096535491,0.6880970299243927,0.5695970695928967
train_00597,1,0.3821985135643159,0.9995541632175445,0.7128205128189538
train_00598,0,0.05998464942711543,0.7010848581790924,0.4857142857107274
train_00599,0,0.000618639376936383,0.7005191326141358,0.7128205128152907
train_00600,0,0.171749746534284,0.7117730736732483,0.5377289377286614
train_00601,0,0.4502386119783654,0.717068189382553,0.38021978021699476
train_00602,0,0.018694168471636553,0.6916424274444579,0.4010989010959627
train_00603,0,0.5876382707150104,0.6925009310245513,0.774725274723262
train_00604,0,0.11677696479868818,0.6912493407726288,0.9219780219712677
train_00605,0,0.590866453975178,0.9933544337749481,0.5586080586076292
train_00606,0,0.37648057926379497,0.6903456747531891,0.4611721611687827
train_00607,0,0.03772151910928467,0.6839567422866821,0.3494505494516524
train_00608,0,0.032078379042651685,0.9941381454467774,0.7329670329653263
train_00609,0,0.02150011752183837,0.698176383972168,0.8443223443198219
train_00610,1,0.33947171927108066,0.8059842050075531,0.4241758241727167
train_00611,1,0.9267025042964473,0.6712363302707671,0.6923076923062834
train_00612,0,0.0700378408850166,0.6665350437164306,0.7992673992652068
train_00613,1,0.2119013975695691,0.7091535747051239,0.47142857142511774
train_00614,0,0.022538109854639277,0.723296308517456,0.5036630036629768
train_00615,0,0.005240465840567278,0.6765605390071869,0.6912087912037275
train_00616,0,0.8447079118276876,0.7021661698818207,0.31794871795005164
train_00617,0,0.015049742584252396,0.7050266861915588,0.757509157507271
train_00618,0,0.05326529419995297,0.7029077410697937,0.7706959706903247
train_00619,0,0.09621160098290477,0.6880899131298065,0.08608058607995546
train_00620,0,0.6158683562103942,0.6949899017810821,0.8688644688581035
train_00621,1,0.30154660758018076,0.695988231897354,0.7637362637306686
train_00622,0,0.33110581232198405,0.6957298576831817,0.7472527472509359
train_00623,1,0.5626849464999536,0.7025685727596283,0.5978021977978183
train_00624,0,0.0007178462182412594,0.9784945130348205,0.595970695969993
train_00625,0,0.6337234063899799,0.6867846190929412,0.7897435897378042
train_00626,1,0.9027132819397584,0.6856157004833221,0.476923076923246
train_00627,0,0.8609292605558921,0.6498264789581298,0.7106227106211676
train_00628,1,0.5010439848826765,0.6775444388389587,0.6391941391931195
train_00629,0,0.023519393183368483,0.7036745727062226,0.3428571428546311
train_00630,0,0.005376941092337105,0.6798523843288422,0.7439560439542567
train_00631,0,0.08816476985782057,0.7907591223716736,0.5457875457872103
train_00632,0,0.05031760708124416,0.7027682483196258,0.17948717948952753
train_00633,0,0.510929689061406,0.7179141461849212,0.4153846153815723
train_00634,0,0.13959328354432404,0.6993069469928741,0.6600732600684245
train_00635,0,0.1182003874760898,0.9942255675792694,0.44908424908462213
train_00636,1,0.9709417779061453,0.9898544669151306,0.3611721611695152
train_00637,1,0.2965415338068447,0.6980249881744385,0.794505494503337
train_00638,0,0.15410749460319448,0.6648444831371307,0.7161172161119699
train_00639,0,0.21692348618404064,0.6774618685245514,0.597069597068886
train_00640,0,0.00010389367865804125,0.7797500193119049,0.6091575091567094
train_00641,0,0.5892513971350697,0.6814543187618256,0.6945054945040696
train_00642,1,0.9997152641184638,0.6550351560115815,0.8615384615358129
train_00643,0,0.061870854457451545,0.6910187304019928,0.6655677655665526
train_00644,0,0.005523518596075699,0.9503949046134949,0.4032967032937487
train_00645,0,0.25703924662389616,0.6393334925174713,0.9043956043926418
train_00646,0,0.035529090919360795,0.9538354098796844,0.6981684981670464
train_00647,1,0.27628354900673513,0.7017992079257964,0.6820512820499484
train_00648,0,0.36044428550263696,0.7131700038909912,0.41025641025340476
train_00649,0,0.04241790327190391,0.6988099575042724,0.3124542124555864
train_00650,0,0.010980701259481982,0.7653322756290435,0.74029304029128
train_00651,1,0.4845961630013772,0.8271309077739715,0.2952380952395953
train_00652,0,0.6995629525373445,0.6976857244968414,0.9058608058541696
train_00653,0,0.36792941365173515,0.6181166529655456,0.9205128205060769
train_00654,0,0.01959965564686214,0.6854201257228851,0.4882783882748112
train_00655,0,0.06095109997278681,0.6637276887893677,0.8542124542098593
train_00656,0,0.40085785583998906,0.6601783633232117,0.45201465201500357
train_00657,1,0.8155931451882056,0.9991137146949768,0.734432234430517
train_00658,0,0.2147031596741289,0.6864649832248688,0.5355311355308753
train_00659,0,0.15749413867064488,0.6972152173519135,0.7776556776536436
train_00660,0,0.033439259280437214,0.6674168765544891,0.6967032966981928
train_00661,1,0.2743623471729292,0.6558083713054657,0.545054945050952
train_00662,0,0.15884026185897807,0.6794580399990082,0.8428571428546312
train_00663,0,0.6793490987682811,0.6670736849308014,0.635164835160182
train_00664,0,0.4733912463318204,0.9948396742343902,0.7032967032915509
train_00665,1,0.5520697659001662,0.7061271250247956,0.5399267399264474
train_00666,0,0.445464525752162,0.9982143104076385,0.40622710622779323
train_00667,1,0.9884789020183431,0.6922829568386077,0.5194139194101142
train_00668,1,0.7466917997265355,0.7208002984523774,0.41684981684676303
train_00669,0,0.07114558411932755,0.6734431862831116,0.7626373626317756
train_00670,1,0.9762498864646618,0.9950731754302978,0.5421245421242336
train_00671,1,0.9349083107560301,0.979162973165512,0.49120879120885563
train_00672,0,0.1114356761996695,0.7090805470943451,0.45347985348019426
train_00673,0,0.1886519064427194,0.9942255675792694,0.5062271062270606
train_00674,0,0.122252195224306,0.7062949776649474,0.6421245421235009
train_00675,1,0.38063858830884817,0.7048095762729645,0.945787545780617
train_00676,0,0.21888476641545437,0.7100062787532806,0.7010989010974279
train_00677,0,0.055068785641253344,0.8095682442188263,0.3347985347960821
train_00678,1,0.9846527004066811,0.7131700038909912,0.4567765567768734
train_00679,0,0.5546394917226675,0.7160618245601653,0.49523809523446716
train_00680,0,0.06842983526898368,0.7469637513160705,0.5358974358971729
train_00681,1,0.7437910986796753,0.6950874984264374,0.3761904761913832
train_00682,0,0.006990702972833263,0.6900311172008514,0.635164835163845
train_00683,0,0.26827384687448413,0.6677088677883147,0.9717948717877525
train_00684,1,0.9555225112578911,0.6942230880260467,0.4036630036600465
train_00685,1,0.31729683865001035,0.9944952964782715,0.6054945054900697
train_00686,1,0.9995236885586378,0.795994657278061,0.5102564102526722
train_00687,0,0.05584069791874184,0.7817133843898774,0.37032967032695735
train_00688,0,0.0036365980100929746,0.6662006735801697,0.7252747252730749
train_00689,1,0.9212787605576862,0.6457310259342193,0.3578754578728361
train_00690,1,0.9903875551371106,0.6950563907623291,0.506959706959656
train_00691,1,0.9905967973008946,0.7006968975067138,0.38168498168218545
train_00692,0,0.8783403734817468,0.9910291373729706,0.476923076919583
train_00693,0,0.014078190742187541,0.6724497497081756,0.8739926739862711
train_00694,0,0.5192075962535949,0.7013557374477386,0.5564102564061801
train_00695,0,0.004103616844616732,0.7155519425868988,0.5186813186811818
train_00696,0,0.29316690485894,0.6996594667434692,0.604029304024879
train_00697,0,0.011242726103582972,0.6861546099185943,0.8223443223382979
train_00698,1,0.9308299686883466,0.7370137572288513,0.4051282051252372
train_00699,0,0.050768176741069454,0.9950333297252655,0.505860805860763
train_00700,1,0.8008676427662526,0.7053488433361053,0.6318681318635029
train_00701,0,0.10485130459979511,0.7113862931728363,0.8146520146497096
train_00702,0,0.11514130175347526,0.7009889125823974,0.6106227106219002
train_00703,0,0.3510025338912682,0.6654569149017333,0.8739926739899342
train_00704,1,0.9650221565908708,0.6928977549076081,0.5472527472487381
train_00705,1,0.9140497073127729,0.7102129459381104,0.47142857142878075
train_00706,0,0.6616379372568796,0.684237003326416,0.7058608058556348
train_00707,0,0.008362295695319715,0.6691574692726134,0.8868131868066901
train_00708,1,0.9501263199201702,0.6908003032207488,0.31391941392077716
train_00709,1,0.1909898119758406,0.6936244070529938,0.7487179487124637
train_00710,0,0.06442879295934432,0.7084014892578125,0.5967032966989253
train_00711,0,0.5157012930588983,0.6953321397304535,0.5765567765562157
train_00712,0,0.5121175209338129,0.9947198569774628,0.6366300366253728
train_00713,1,0.9116284140574293,0.6820969045162201,0.7868131868074226
train_00714,0,0.2893230201834538,0.6687213897705078,0.5175824175822887
train_00715,0,0.04275482308728229,0.8278623044490814,0.7014652014600626
train_00716,0,0.27994469535553757,0.7017992079257964,0.6369963369953333
train_00717,1,0.03130683096975444,0.695074862241745,0.712454212452656
train_00718,1,0.045851166582835175,0.691168874502182,0.7523809523791034
train_00719,1,0.6944166552398118,0.67223761677742,0.6593406593358291
train_00720,0,0.09041737581546207,0.7171267151832581,0.5864468864425902
train_00721,0,0.12963708116606934,0.7105065047740936,0.7219780219727329
train_00722,0,0.005088606161258288,0.6842735230922699,0.7923076923018879
train_00723,0,0.1430302851028923,0.7104164779186248,0.4926739926703834
train_00724,0,0.0009834949332942673,0.6662592053413391,0.6739926739913993
train_00725,0,0.9006527481886294,0.6894521832466125,0.712454212452656
train_00726,0,0.16808455924620802,0.6574379920959472,0.9304029303997774
train_00727,0,0.04353602428215255,0.692956417798996,0.7300366300312818
train_00728,0,0.7685428678455918,0.7071018457412719,0.49780219779855095
train_00729,1,0.9551778785541465,0.6426322937011719,0.7860805860748273
train_00730,0,0.030128876925168482,0.741038554906845,0.8362637362612728
train_00731,0,0.13041664106593948,0.9950336456298828,0.5131868131830536
train_00732,1,0.8448401649882517,0.6963525295257569,0.4802197802199251
train_00733,0,0.8592264662377364,0.701743882894516,0.9186813186782514
train_00734,0,0.7043915800317422,0.7067474842071533,0.2838827838807042
train_00735,0,0.05315050354876579,0.7637267291545868,0.5007326007289324
train_00736,0,0.09645581359878881,0.7637267291545868,0.4813186813151552
train_00737,0,0.3655374287086619,0.6248172521591187,0.954945054941722
train_00738,1,0.8950586097342292,0.7060871303081513,0.7652014651958594
train_00739,1,0.34401710252861156,0.6485238790512085,0.8366300366275705
train_00740,0,0.5856471427707227,0.67454936504364,0.8673992673965758
train_00741,0,0.452943146590044,0.7088157176971435,0.4959706959670625
train_00742,1,0.9430647482443777,0.6881908595561981,0.7728937728917737
train_00743,0,0.4144948423107435,0.666808122396469,0.6523809523798361
train_00744,1,0.4774135589728514,0.7134998738765717,0.3941391941363067
train_00745,0,0.9551764455591594,0.6593640625476838,0.39670329670405347
train_00746,0,0.19976044034806387,0.7207530081272124,0.3172161172174563
train_00747,1,0.7969171032595079,0.6671049773693085,0.42490842490531205
train_00748,1,0.9250488483513783,0.6336986541748046,0.9282051281983282
train_00749,0,0.03695485915184739,0.7011096417903899,0.659340659339492
train_00750,1,0.9314269040344512,0.6879353582859039,0.4479853479820661
train_00751,1,0.7516223379947152,0.6827091574668884,0.49084249084255793
train_00752,0,0.8638825118050444,0.6806502521038056,0.7846153846132995
train_00753,0,0.010307142805587657,0.9735556304454803,0.5824175824133156
train_00754,1,0.8134262230199121,0.8271309077739715,0.3945054945062674
train_00755,1,0.5374331494471909,0.6632327735424042,0.9124542124511908
train_00756,1,0.8242923933501692,0.6782228410243988,0.5699633699591945
train_00757,1,0.825478769678586,0.6892434775829315,0.5340659340656845
train_00758,1,0.6625874474814561,0.9968246579170227,0.7978021977963532
train_00759,0,0.057570966837891716,0.8032510519027709,0.7102564102548699
train_00760,0,0.02099583129687055,0.6934143483638764,0.5974358974315206
train_00761,0,0.878502730425046,0.7484179139137268,0.6230769230760214
train_00762,1,0.982383552122799,0.6366662919521331,0.8575091575065384
train_00763,1,0.007512568940553864,0.6699691236019134,0.8421245421220358
train_00764,0,0.7213405935217798,0.657349455356598,0.5344322344319822
train_00765,0,0.20857266656606918,0.6652053415775299,0.43406593406641714
train_00766,0,0.07429149420668746,0.6425374925136567,0.6824175824125831
train_00767,1,0.9974245199308498,0.6569840967655182,0.8223443223419609
train_00768,0,0.0007198036043352344,0.6875071942806243,0.666300366295485
train_00769,0,0.10594833934289524,0.7219893634319305,0.44505494505168464
train_00770,0,0.5360080532353525,0.998548424243927,0.6098901098856419
train_00771,1,0.9993728833166423,0.7963163793087005,0.7512820512765475
train_00772,0,0.8682338825672304,0.6365878283977509,0.966666666663248
train_00773,0,0.24366696663358012,0.740331369638443,0.09706959706888595
train_00774,1,0.766706821033947,0.6704680621623993,0.5194139194137772
train_00775,0,0.03864701580054371,0.701050055027008,0.6534798534787292
train_00776,0,0.06465825055085157,0.7126362919807434,0.4681318681321016
train_00777,1,0.254224411088587,0.7730587422847748,0.5106227106189698
train_00778,0,0.012017067532092965,0.7490624010562896,0.6216117216071677
train_00779,0,5.835000442256063e-06,0.750767570734024,0.8098901098841766
train_00780,1,0.9480531006794802,0.7035729944705963,0.5494505494465242
train_00781,1,0.9929065054861821,0.795994657278061,0.5864468864425902
train_00782,1,0.5019127066575106,0.9922579765319824,0.549816849812822
train_00783,1,0.12213657078220658,0.6705252349376678,0.5432234432231267
train_00784,1,0.23088388791287054,0.9833113551139832,0.6600732600684245
train_00785,1,0.9426268551155229,0.6859879434108733,0.38717948717665074
train_00786,0,0.09338116043761914,0.706685984134674,0.5608058608054154
train_00787,0,0.014741774976960258,0.6896462380886077,0.33003663003787514
train_00788,0,0.39504610217697056,0.7172900795936584,0.695238095233002
train_00789,0,0.14743331229932455,0.7439847230911254,0.29230769230555087
train_00790,0,0.022103946443952544,0.6918069064617156,0.8490842490780287
train_00791,1,0.876384935532546,0.7438097357749939,0.5032967032966791
train_00792,0,0.16366108188314252,0.7992442488670348,0.5058608058607629
train_00793,0,0.0542416381592202,0.8120449960231781,0.42197802197493056
train_00794,1,0.14649648357508355,0.6850729942321777,0.8285714285653585
train_00795,1,0.03644352266877801,0.7233376324176788,0.7347985347931517
train_00796,0,0.8199348369056683,0.7009233891963959,0.4520146520113406
train_00797,0,0.3760785316664959,0.7147655546665191,0.7106227106175047
train_00798,0,0.025693487040864067,0.9798929393291473,0.6630036630024688
train_00799,0,0.9809856385303509,0.6854245722293854,0.30439560439337443
train_00800,0,0.5565093620120909,0.6882439613342285,0.7406593406575777
train_00801,0,0.5225168538969016,0.8230050742626189,0.5120879120878236
train_00802,0,0.07950143222496393,0.6982108056545258,0.49340659340297877
train_00803,1,0.8910182552731784,0.7492968499660492,0.48315018315030656
train_00804,0,0.011627166943374042,0.6789418637752533,0.7820512820492158
train_00805,1,0.5241436755933021,0.737204623222351,0.23809523809715677
train_00806,0,0.0149310672218361,0.6797222733497619,0.68021978021846
train_00807,1,0.8667454615723942,0.7011460661888123,0.29413919413703926
train_00808,0,0.3250892801770452,0.7182124555110931,0.4978021978022139
train_00809,0,0.9471168020849335,0.6880482673645019,0.8582417582354709
train_00810,0,0.1687782803203274,0.6779080331325531,0.8344322344297844
train_00811,1,0.47727777774447894,0.986850792169571,0.3062271062248628
train_00812,0,0.02378041298755638,0.9620436370372772,0.696336996331895
train_00813,1,0.9786381765615574,0.7102129459381104,0.265567765569483
train_00814,1,0.42608728394698825,0.6916029632091523,0.4194139194145098
train_00815,1,0.8876638636486935,0.7113930583000183,0.6084249084204512
train_00816,1,0.22596943436274758,0.7025622487068176,0.47399267398920153
train_00817,0,0.006898833765715422,0.6691574692726134,0.7212454212401374
train_00818,1,0.7094848468256681,0.6878982484340668,0.5648351648346899
train_00819,0,0.27920088853990704,0.7096498906612396,0.6655677655665526
train_00820,1,0.9069021650036732,0.7671271979808807,0.6369963369953333
train_00821,1,0.9759526470029629,0.9950207829475403,0.5157509157471374
train_00822,0,0.06269318261891471,0.6970593154430389,0.8010989010966953
train_00823,1,0.7369704820341714,0.7624975860118866,0.4831501831503066
train_00824,0,0.8783214060813074,0.6792300403118133,0.8329670329645937
train_00825,0,0.9574515711841902,0.6755195140838623,0.734432234430517
train_00826,1,0.979723328554817,0.839669942855835,0.385714285715123
train_00827,1,0.49883291603178354,0.6804313719272613,0.7278388278334957
train_00828,1,0.6042944699176895,0.6996597111225128,0.46373626373286647
train_00829,0,0.07272266033341968,0.6947212398052216,0.6908424908374298
train_00830,0,0.8293790629888099,0.6905587673187256,0.6717948717899502
train_00831,1,0.1339806155818803,0.7057352185249328,0.7157509157456722
train_00832,0,0.8573395693370642,0.7717115640640259,0.7326007325953656
train_00833,0,0.009112279895809062,0.6761367738246917,0.7249084249067772
train_00834,0,0.0704322523070723,0.6863723754882812,0.8871794871729878
train_00835,0,0.8484712526909932,0.6558169662952422,0.8003663003641
train_00836,0,0.9521183569686081,0.6858767032623291,0.49963369963003934
train_00837,1,0.6311135833740033,0.7051599502563477,0.6970695970681533
train_00838,0,0.000957059083826934,0.6798523843288422,0.6673992673980411
train_00839,0,0.7049920139270314,0.6768987953662873,0.8824175824111179
train_00840,0,0.36940056482515937,0.6659809708595276,0.7798534798477668
train_00841,0,0.5773489060365156,0.6913079679012298,0.5446886446883172
train_00842,1,0.6255972831737011,0.706685984134674,0.20329670329887692
train_00843,0,0.6246810831196559,0.6397034049034118,0.94102564102241
train_00844,0,0.9512329564103353,0.6952812314033507,0.6161172161163655
train_00845,0,0.7306297857571893,0.6779522538185119,0.5315018315016007
train_00846,1,0.9662836146944641,0.6663629829883575,0.7172161172145259
train_00847,1,0.5303968991293856,0.6903881967067718,0.5783882783840412
train_00848,1,0.7194696109863832,0.7599292695522308,0.7391941391887239
train_00849,0,0.9101752792578208,0.6395115494728087,0.9721611721577131
train_00850,0,0.022434962226717134,0.743988573551178,0.42783882783935645
train_00851,0,0.5255275327930383,0.682438200712204,0.8021978021919254
train_00852,0,0.6235636585330808,0.6843640267848968,0.683516483515139
train_00853,1,0.17316958499534685,0.6882735431194305,0.5051282051281676
train_00854,0,0.06211287103423018,0.6925372660160065,0.6468864468817078
train_00855,1,0.2909297428457875,0.7671271979808807,0.6377289377279287
train_00856,0,0.08770272111349675,0.6678808629512787,0.6329670329660588
train_00857,0,0.7844843693946913,0.7012583196163178,0.5813186813144227
train_00858,0,0.1832549366006731,0.7190184533596038,0.568131868131369
train_00859,1,0.8994407915125276,0.6779529690742492,0.6630036630024688
train_00860,0,0.0020425652686100596,0.9784945130348205,0.5893772893766346
train_00861,0,0.504928457295552,0.6852661490440368,0.5703296703291552
train_00862,0,0.2352347090771105,0.9599628865718841,0.6062271062226651
train_00863,0,0.1345674054285332,0.6869198501110076,0.8410256410231427
train_00864,1,0.853835841426462,0.6864276587963104,0.5472527472487381
train_00865,0,0.024444456205708762,0.686432272195816,0.5443223443183567
train_00866,1,0.7636010779978767,0.7681146085262298,0.2556776556757826
train_00867,0,0.6577128376216301,0.999095743894577,0.43040293040344024
train_00868,0,0.08351181090190153,0.7043686926364898,0.818681318675321
train_00869,1,0.9975562681730639,0.8211463391780853,0.15897435897319434
train_00870,1,0.5241853258156651,0.6793844521045684,0.6999999999985348
train_00871,0,0.002302698679397018,0.6976738095283508,0.4245421245426773
train_00872,1,0.44485505252088264,0.6326540172100067,0.966666666663248
train_00873,0,0.07421348399542413,0.8120449960231781,0.34981684981428707
train_00874,1,0.9086155655914352,0.6828626036643981,0.6772893772880785
train_00875,1,0.8921179913476284,0.6965561807155609,0.627106227105296
train_00876,0,0.6801398080107229,0.7186159551143646,0.5813186813144227
train_00877,0,0.26481506347208306,0.6965494096279143,0.5732600732558736
train_00878,1,0.7089552574496134,0.9943627059459687,0.8069597069574581
train_00879,1,0.17542027953872838,0.7167260348796844,0.4487179487183244
train_00880,0,0.007586624845991215,0.6918079376220703,0.6765567765518201
train_00881,1,0.715959472005256,0.9949342250823975,0.7047619047604047
train_00882,0,0.20934115293021882,0.682438200712204,0.5963369963326276
train_00883,0,0.07030111139066282,0.7469637513160705,0.5271062271060285
train_00884,0,0.005684501963611316,0.6734210491180419,0.80146520145933
train_00885,0,0.09853498967655504,0.7128876149654388,0.553113553113164
train_00886,0,0.3707064345537938,0.720443844795227,0.8282051281990608
train_00887,1,0.8622851374007295,0.6762354075908661,0.7831501831444458
train_00888,0,0.006561816496056454,0.691948413848877,0.7124542124489931
train_00889,0,0.019317403535677707,0.707102084159851,0.3190476190452817
train_00890,0,0.10831218322636638,0.6991688668727875,0.483882783879239
train_00891,1,0.6638964662368715,0.6936165511608123,0.6736263736214387
train_00892,0,0.8449467727544776,0.6874667465686798,0.4783882783884367
train_00893,1,0.924425001980379,0.6856444835662842,0.6534798534787292
train_00894,0,0.047724019680662616,0.6949021875858307,0.9102564102534048
train_00895,0,0.4880075913315625,0.7202080905437469,0.6886446886433066
train_00896,0,0.48791667743355605,0.9848341166973114,0.5014652014651908
train_00897,0,0.05172177513309002,0.8567626059055329,0.6168498168452978
train_00898,1,0.6915445967822168,0.6964798510074615,0.4663003662969502
train_00899,0,0.11444170752550913,0.7548244655132293,0.657142857138043
train_00900,0,0.031482557445766744,0.7292615950107575,0.4560439560406151
train_00901,0,0.0009930699211805813,0.6765482187271118,0.8516483516421125
train_00902,0,0.9487123889334254,0.6845809996128083,0.3516483516494385
train_00903,0,0.06144045811183073,0.7016537010669708,0.7527472527417381
train_00904,0,0.022196887342612725,0.6586368203163147,0.8051282051259698
train_00905,0,0.9232036756211364,0.6449012875556945,0.401831501832221
train_00906,1,0.9729987541652142,0.7052722752094269,0.4890109890074066
train_00907,0,0.06539264534284495,0.9735556304454803,0.5846153846111017
train_00908,1,0.3739530880578676,0.6715725362300873,0.8655677655650874
train_00909,1,0.9968987596685447,0.9634069561958313,0.24102564102753826
train_00910,0,0.03258233640357679,0.641315221786499,0.5417582417579359
train_00911,0,0.6773796511739262,0.9605003416538238,0.44249084248760084
train_00912,0,0.6330709113474304,0.6661554515361785,0.9102564102534048
train_00913,0,0.052086542667697244,0.7675558388233185,0.3142857142870748
train_00914,1,0.8363439349351636,0.6659046232700347,0.6956043955992997
train_00915,1,0.8979595170727911,0.7484179139137268,0.5871794871788485
train_00916,0,0.36232431067165194,0.7134677588939666,0.3908424908396276
train_00917,0,0.09646310916630485,0.6973968029022217,0.4278388278356935
train_00918,0,0.1877037517652018,0.6930451333522796,0.610989010984535
train_00919,1,0.18061503497079817,0.7043686926364898,0.8336996336935261
train_00920,0,0.011830582749727864,0.6896058559417724,0.4787545787547344
train_00921,1,0.8065901006203019,0.6532129943370819,0.6684981684969341
train_00922,1,0.8997439920425484,0.6951737463474273,0.3615384615358129
train_00923,1,0.9997375891568523,0.6873783528804779,0.49413919413557417
train_00924,1,0.41448764061912646,0.737204623222351,0.47399267399286454
train_00925,0,0.262005281108484,0.6504043281078338,0.8622710622684083
train_00926,1,0.5106852519356024,0.6872224926948547,0.5728937728932388
train_00927,0,0.34161807202774136,0.7053458094596863,0.6695970695921641
train_00928,0,0.5167987521327897,0.7068551719188689,0.5472527472487381
train_00929,1,0.98043585823631,0.6585931777954102,0.7772893772873459
train_00930,0,0.17564462213102186,0.739674299955368,0.5604395604354547
train_00931,0,0.04311246277001415,0.7172027647495269,0.4194139194145098
train_00932,0,0.2039255716446691,0.667009311914444,0.6311355311345704
train_00933,0,0.023099610729076264,0.7897559106349945,0.720512820511205
train_00934,0,0.20265838228801833,0.6922047853469848,0.644322344317624
train_00935,0,0.05960296589880841,0.6979387402534485,0.5384615384575937
train_00936,0,0.10367390905913587,0.7252470195293426,0.394871794868902
train_00937,0,0.3806359091763701,0.9599628865718841,0.604029304024879
train_00938,0,0.5241457525504558,0.6824425280094146,0.8670329670266153
train_00939,0,0.18068985166590718,0.7164553046226501,0.4974358974359162
train_00940,0,0.11394580228362536,0.704072219133377,0.5087912087874814
train_00941,0,0.00886365181815816,0.6851540088653565,0.7018315018263603
train_00942,1,0.9999680903407433,0.732387512922287,0.48424908424919966
train_00943,1,0.2931094744717762,0.6860377490520477,0.7029304029252533
train_00944,0,0.030092853833382765,0.6867613852024078,0.45970695970725484
train_00945,0,0.14186553757246287,0.7011723220348358,0.892673992671116
train_00946,0,0.3126958619481166,0.7567221105098725,0.47472527472545983
train_00947,1,0.33374377494404217,0.6993069469928741,0.37985347985436
train_00948,0,0.029580515249635977,0.6724185645580292,0.7351648351631124
train_00949,1,0.5373149741888641,0.6973759591579437,0.5816849816843832
train_00950,0,0.14917007625160456,0.7731427669525146,0.42564102563790746
train_00951,1,0.6086886046266894,0.6831979751586914,0.8772893772829504
train_00952,1,0.42477018697033553,0.708845466375351,0.5465201465198057
train_00953,0,0.09214829103473253,0.9580547034740448,0.7208791208775027
train_00954,0,0.24166290903505044,0.6885739862918854,0.6820512820462854
train_00955,0,0.1413266987776274,0.7235149800777435,0.37252747252840634
train_00956,0,0.21314350722267705,0.9848341166973114,0.5131868131867166
train_00957,1,0.9586950531034386,0.8199433863162995,0.7329670329616633
train_00958,0,0.5398792291474359,0.7116056084632874,0.536996336992403
train_00959,0,0.015192423120163638,0.6761094689369201,0.6630036629988059
train_00960,0,0.6300411392296736,0.6806828141212463,0.6487179487168593
train_00961,0,0.34375161549206446,0.6751976013183594,0.363736263737262
train_00962,0,0.1983873158067328,0.6596069157123565,0.9413919413850449
train_00963,0,0.8293646181171591,0.710692024230957,0.11428571428854
train_00964,0,0.38871021840797904,0.7385011315345764,0.3769230769239786
train_00965,1,0.4578340100960402,0.9997164070606231,0.6956043955992997
train_00966,0,0.07275389748333147,0.7005688309669494,0.36959706959436195
train_00967,0,0.9112728999288675,0.6571082770824432,0.7300366300349448
train_00968,1,0.6623201073319405,0.6975179135799408,0.5886446886440392
train_00969,0,0.4453506095756613,0.7222577691078186,0.651282051280943
train_00970,1,0.9289884750877249,0.6953725814819336,0.59010989010923
train_00971,1,0.645044010524974,0.6567022502422333,0.5351648351609146
train_00972,0,0.05961317938133655,0.9637258589267731,0.40842490842557927
train_00973,0,0.029437691527926507,0.8142750263214111,0.8531135531073033
train_00974,0,0.4885774258827842,0.6733112454414367,0.6824175824162461
train_00975,1,0.09837580324643859,0.6838950216770172,0.7919413919392533
train_00976,1,0.6252769337497706,0.8002905905246734,0.4131868131874492
train_00977,1,0.07714330177979874,0.6716598868370056,0.5945054945048022
train_00978,0,0.5635802637297578,0.6585380494594574,0.6695970695921643
train_00979,1,0.06113001537459771,0.7075351357460022,0.5454212454209126
train_00980,0,0.6861203311912671,0.6474808990955352,0.6036630036622442
train_00981,1,0.34271610029574934,0.6803324282169342,0.7780219780162783
train_00982,1,0.27463599879860146,0.688428795337677,0.5549450549409894
train_00983,0,0.0851847460858326,0.7992442488670348,0.48095238095252046
train_00984,1,0.9644193733613597,0.9950731754302978,0.47032967032988765
train_00985,0,0.36684869624760114,0.7221867978572845,0.27728937729100883
train_00986,1,0.03854867962369459,0.6919621646404266,0.5655677655672853
train_00987,0,0.07452142643142107,0.669227784872055,0.5967032967025883
train_00988,0,0.41412454927222647,0.6928977549076081,0.786446886441125
train_00989,0,0.020781907119616975,0.6842541635036468,0.5747252747210643
train_00990,1,0.9219745641322743,0.6699608981609344,0.5721611721569806
train_00991,0,0.0025611170564629896,0.7069741606712341,0.43772893772573096
train_00992,0,0.08607958328819038,0.7243721902370452,0.68131868131369
train_00993,1,0.9958553755629076,0.6836251378059387,0.7300366300349448
train_00994,0,0.042003074531867926,0.6903750956058502,0.6322344322334635
train_00995,1,0.9859639944208387,0.6429242074489594,0.7465201465183405
train_00996,0,0.006064640259106591,0.6982642590999604,0.770329670324027
train_00997,1,0.9989586941932219,0.6873918533325195,0.4835164835129413
train_00998,0,0.14928378003151918,0.723307466506958,0.33736263736016586
train_00999,0,0.04076459804958951,0.9584504067897797,0.5212454212416027
train_01000,1,0.641137373001325,0.7060417771339416,0.5230769230730911
train_01001,0,0.02341507760986462,0.6923044502735138,0.42893772893824955
train_01002,0,0.8098562507440217,0.684353131055832,0.6699633699621248
train_01003,1,0.6541558836254027,0.6811086773872375,0.309523809521542
train_01004,0,0.13994757652807724,0.9950336456298828,0.5095238095200768
train_01005,1,0.8940882915152596,0.6556604325771331,0.7256410256357096
train_01006,1,0.9991126807673191,0.6238826930522918,0.9571428571395082
train_01007,1,0.9759976732789775,0.6857905805110931,0.48827838827847414
train_01008,0,0.25052853658507673,0.7351543664932251,0.4739926739892016
train_01009,1,0.8038651492293855,0.6910247445106505,0.4289377289382495
train_01010,1,0.8181646311772678,0.7438097357749939,0.5432234432231267
train_01011,0,0.3463228832940524,0.6684025883674621,0.7142857142841444
train_01012,1,0.8711725565347217,0.7004636764526366,0.6223443223397631
train_01013,1,0.4648007495093997,0.8332463800907135,0.5201465201427096
train_01014,1,0.9107618368929699,0.6820935606956482,0.8564102564076453
train_01015,1,0.7163638972509828,0.6940111696720124,0.4663003663006132
train_01016,0,0.014066901647746929,0.6921735942363738,0.6234432234423191
train_01017,1,0.6992349817015315,0.6835687220096588,0.46080586080614794
train_01018,0,0.4352043405941984,0.7548244655132293,0.6362637362590751
train_01019,0,0.42143712052453447,0.6787814795970917,0.695238095233002
train_01020,0,0.1508185760880757,0.6818073689937592,0.5805860805854902
train_01021,0,0.41479041486012946,0.6695510566234588,0.7040293040278094
train_01022,0,0.8177912394655206,0.6887680113315582,0.36336996337096433
train_01023,1,0.854117689168725,0.7624975860118866,0.5498168498164848
train_01024,0,0.0019206436485075932,0.7219893634319305,0.673260073255141
train_01025,0,0.8628977323012937,0.672729742527008,0.6300366300356774
train_01026,0,0.021523396438187715,0.6868371188640594,0.42930402930088424
train_01027,0,0.03903471422758658,0.6843370974063874,0.7366300366246401
train_01028,0,0.544526959678085,0.6190720617771148,0.8542124542098593
train_01029,1,0.9801508450252561,0.839669942855835,0.34615384615497324
train_01030,1,0.05455663852016804,0.6821635663509369,0.8065934065911605
train_01031,0,0.5278581947630715,0.6981181621551513,0.5358974358935099
train_01032,0,0.6393010007165068,0.6928748786449432,0.5728937728895759
train_01033,1,0.07770565538933127,0.6799397587776184,0.7446886446868521
train_01034,0,0.9880284437012846,0.6703616738319397,0.523076923076754
train_01035,1,0.6720828238904426,0.6952009618282318,0.5307692307690054
train_01036,0,0.6647729488768055,0.6608388245105743,0.870695970693255
train_01037,0,0.004224142539650381,0.6948974013328553,0.5490842490838895
train_01038,1,0.8677344704303702,0.9685564577579499,0.5560439560398825
train_01039,0,0.12910135086949018,0.7046011805534362,0.6014652014607952
train_01040,1,0.7824811445202089,0.666464912891388,0.7666666666647131
train_01041,1,0.07360138082498383,0.6658075630664826,0.8710622710595527
train_01042,0,0.6304165180111909,0.6750134527683258,0.9655677655643549
train_01043,0,0.033965765404778005,0.6683414101600647,0.8501831501805848
train_01044,0,0.7843582046927573,0.6702781856060027,0.7047619047567417
train_01045,0,0.8215908233512674,0.6561041831970215,0.7047619047604047
train_01046,0,0.13622560363321012,0.6765053749084473,0.6941391941341089
train_01047,0,0.3789074781945389,0.6268219470977783,0.7945054944996741
train_01048,1,0.8497680375376144,0.6945373713970184,0.44578754578428
train_01049,1,0.8706616413853244,0.7024803400039672,0.5065934065896953
train_01050,0,0.04859365398049856,0.7020598769187927,0.6589743589695314
train_01051,1,0.33680865940544147,0.6853944778442382,0.5853479853473601
train_01052,1,0.8838657194915283,0.8244708597660064,0.1919413919436488
train_01053,0,0.0023286838266596407,0.8147382855415344,0.5523809523805687
train_01054,0,0.03452505931657739,0.7004402339458465,0.6842490842477345
train_01055,0,0.14869850265181703,0.775680410861969,0.683516483515139
train_01056,0,0.4439729020264138,0.9982143104076385,0.3260073260086006
train_01057,1,0.7808375101480679,0.6850465536117554,0.5714285714243852
train_01058,0,0.3134352490657031,0.6762665688991547,0.7630036630017363
train_01059,1,0.9251479267470304,0.7675576865673065,0.3117216117193281
train_01060,0,0.0043291921935678735,0.7022598445415497,0.40036630036703025
train_01061,1,0.9984629711329571,0.968637102842331,0.26410256410062927
train_01062,0,0.13251315073024847,0.7160100758075714,0.4809523809525206
train_01063,1,0.34713316762365315,0.6740004122257233,0.3399267399279126
train_01064,0,0.9496013645186479,0.6485901474952698,0.7553113553094849
train_01065,0,0.8132823233244995,0.6661153972148894,0.89157509156856
train_01066,0,0.009239584926906309,0.7094708263874054,0.6809523809473923
train_01067,0,0.14161319951933604,0.7817133843898774,0.3201465201441748
train_01068,0,0.6828422252062325,0.999095743894577,0.43113553113603564
train_01069,0,0.23396922383605637,0.7385011315345764,0.23589743589937068
train_01070,1,0.8939658614320746,0.7155271112918853,0.4018315018285581
train_01071,0,0.1486940848973658,0.6717640817165375,0.6721611721562479
train_01072,0,0.697549253653791,0.6778984189033508,0.8315018314994029
train_01073,0,0.5414660758585984,0.6850259900093079,0.5190476190474795
train_01074,0,0.051126810973813226,0.6886992216110229,0.2109890109874653
train_01075,1,0.1861177343291054,0.9946766853332519,0.8172161172137933
train_01076,0,0.012887190935187346,0.6875071942806243,0.7153846153830374
train_01077,1,0.9584653272902184,0.8059842050075531,0.42747252746939585
train_01078,0,0.05418088715095976,0.7115397036075592,0.3930402930410766
train_01079,1,0.9741657440118854,0.9944289863109589,0.5813186813144227
train_01080,0,0.7469020465856939,0.6934820711612701,0.5868131868088878
train_01081,0,0.05715512114131514,0.6513546407222748,0.8622710622647454
train_01082,1,0.0320912349022083,0.7025570869445801,0.6197802197756793
train_01083,0,0.06458056404090633,0.94076127409935,0.5014652014651908
train_01084,1,0.4463547202843241,0.7459445714950561,0.5315018314979377
train_01085,1,0.3424654933754604,0.6743244349956512,0.6117216117171302
train_01086,1,0.6261435543781946,0.73798868060112,0.3619047619057736
train_01087,1,0.9444669211624352,0.6543410837650299,0.8252747252723424
train_01088,0,0.027596709070880184,0.9941381454467774,0.7260073260056703
train_01089,0,0.04363565485089978,0.8219432055950164,0.7347985347968147
train_01090,0,0.24569908458343553,0.7084014892578125,0.6150183150138094
train_01091,1,0.3522756444304549,0.6925242960453033,0.34432234431982184
train_01092,0,0.3142092588641644,0.7121307075023651,0.4923076923040857
train_01093,1,0.8243039757464239,0.7070024073123932,0.4021978021948557
train_01094,1,0.9784655293214257,0.6076384782791138,0.5326007326004938
train_01095,0,0.2996800851081777,0.7342343688011169,0.25824175824352935
train_01096,1,0.001984332331439782,0.6967333555221558,0.7410256410202123
train_01097,1,0.06546579036087988,0.8701201438903808,0.22124542124746335
train_01098,1,0.9638962853773554,0.994665676355362,0.7106227106211677
train_01099,0,0.6818834603980916,0.6940051734447479,0.4706959706925224
train_01100,1,0.29218141778961804,0.7084609985351562,0.5417582417542729
train_01101,0,0.00994190775193601,0.683334368467331,0.8109890109867327
train_01102,1,0.5490708958503985,0.7112084090709686,0.5494505494501871
train_01103,0,0.6770330347046886,0.6930246293544768,0.7175824175771606
train_01104,1,0.8131759856498563,0.7048228442668915,0.6996336996285741
train_01105,1,0.6027789734781066,0.7140195012092589,0.5021978021941231
train_01106,0,0.10682962705404325,0.7074665188789367,0.4783882783884367
train_01107,0,0.5817339982394292,0.6446717202663421,0.8296703296679144
train_01108,0,0.012428050115178939,0.6859924793243408,0.7465201465183405
train_01109,0,0.1073880740481264,0.7398221790790558,0.2439560439579197
train_01110,0,0.7948718815663971,0.696629786491394,0.8490842490780287
train_01111,1,0.4386135829058917,0.6839733183383941,0.8010989010930323
train_01112,0,0.009339706932431434,0.6716843247413635,0.6109890109881979
train_01113,0,0.8080986431867285,0.6713910520076751,0.7161172161156328
train_01114,0,0.045837735532345956,0.9538354098796844,0.749450549448722
train_01115,0,0.7563271487680162,0.6706148564815522,0.42930402930088424
train_01116,1,0.5257588064243872,0.7361983478069305,0.438827838828287
train_01117,1,0.09283571691146898,0.7240129888057709,0.32454212454340997
train_01118,1,0.029570675854659386,0.989595752954483,0.37399267399359715
train_01119,0,0.353465361515947,0.7495267570018769,0.7018315018263602
train_01120,0,0.2122071902006151,0.7017489075660706,0.8161172161149003
train_01121,1,0.9732517627568531,0.9764656007289886,0.7300366300349448
train_01122,0,0.4104104804570178,0.6592719554901123,0.6956043955992997
train_01123,0,0.07685223222830954,0.651297527551651,0.5230769230730911
train_01124,0,0.0017912792813300337,0.6932924211025238,0.5113553113552282
train_01125,0,0.005235286388691827,0.6416711509227753,0.854578754572494
train_01126,1,0.2572510343356537,0.6794173419475555,0.26227106227280383
train_01127,1,0.7016822550574453,0.6870412230491638,0.591208791208123
train_01128,1,0.9930523806737361,0.968637102842331,0.32490842490604466
train_01129,1,0.7622171817867763,0.6924798309803009,0.5813186813180855
train_01130,1,0.7676301764581217,0.699314820766449,0.29230769230555087
train_01131,1,0.9965168701158473,0.6383316993713379,0.6531135531087685
train_01132,1,0.8772234463929838,0.6735104739665985,0.7527472527454011
train_01133,1,0.4263600037278402,0.670183664560318,0.8802197802133318
train_01134,1,0.998889473680068,0.6128508031368256,0.8208791208731072
train_01135,1,0.013952508547153483,0.9949164032936096,0.6135531135522816
train_01136,0,0.011672837684595032,0.6373240947723389,0.9710622710588201
train_01137,0,0.012039412758513715,0.710855382680893,0.6465201465190731
train_01138,0,0.820477552139041,0.7730587422847748,0.506959706955993
train_01139,0,0.014920218475675396,0.6941907584667206,0.3989010988981766
train_01140,0,0.05609054651454264,0.7098555505275725,0.5391941391938521
train_01141,1,0.417497030505062,0.6876667082309722,0.43406593406275407
train_01142,0,0.049012196652191545,0.9985055387020111,0.6710622710573548
train_01143,1,0.5577725799024443,0.7050907731056213,0.4553113553080197
train_01144,1,0.6614366064801965,0.6931247174739837,0.5318681318678984
train_01145,0,0.03471739553374163,0.6972152173519135,0.446886446886836
train_01146,1,0.8886184952218796,0.6865468680858612,0.3838827838799716
train_01147,1,0.9998143356364393,0.717937558889389,0.48131868131881816
train_01148,0,0.17162262891472466,0.7059555113315582,0.42820512820565415
train_01149,1,0.9997802561757617,0.732387512922287,0.46227106227133863
train_01150,1,0.9972965335973503,0.7001067340373992,0.39816849816924416
train_01151,1,0.8415213985206766,0.9784745693206787,0.4424908424912638
train_01152,1,0.7059567744755482,0.9943627059459687,0.8212454212430678
train_01153,0,0.0010932157068428996,0.6399383664131164,0.9043956043926418
train_01154,0,0.8120198989040541,0.9778383553028106,0.40732600732302326
train_01155,1,0.7787106671418369,0.8332463800907135,0.5516483516443103
train_01156,1,0.8462606764023545,0.6874050676822663,0.3663003662976828
train_01157,0,0.043359643884042696,0.6793706357479095,0.2644688644705899
train_01158,0,0.5833159979083726,0.6997101962566376,0.6304029303983121
train_01159,0,0.11338328369946786,0.6855962216854095,0.7175824175808236
train_01160,0,0.6135213583757353,0.6878985106945037,0.7948717948696347
train_01161,1,0.4819826413201646,0.9997164070606231,0.6681318681269734
train_01162,0,0.0010341161698016303,0.6879840970039368,0.7150183150167397
train_01163,0,0.2322940777305508,0.6841469228267669,0.5135531135530143
train_01164,1,0.9729774075960118,0.72487313747406,0.31428571428341184
train_01165,1,0.4414104573569576,0.6995468080043792,0.46007326006988963
train_01166,1,0.30798442561101796,0.6782937705516815,0.5989010989003744
train_01167,0,0.6982734039655158,0.6966433644294738,0.45897435897465955
train_01168,0,0.858693211768738,0.7208002984523774,0.5805860805818273
train_01169,1,0.2776873927396592,0.6685778260231018,0.797802197800016
train_01170,0,0.057202810137577914,0.706301885843277,0.8531135531109663
train_01171,1,0.6267648495005126,0.9968246579170227,0.7029304029252533
train_01172,0,0.2692632989806697,0.9938894748687744,0.8688644688617666
train_01173,0,0.3006472319355744,0.7009889125823974,0.7245421245404795
train_01174,0,0.7660353550074657,0.6803042352199554,0.5465201465198057
train_01175,1,0.9746217879941357,0.6995496451854706,0.7989010988989091
train_01176,0,0.2045544759693351,0.6898320376873016,0.4128205128211515
train_01177,1,0.03186523706921755,0.9642643749713897,0.6128205128196863
train_01178,0,0.7916750405646434,0.771011197566986,0.50109890109523
train_01179,0,0.4723965563230086,0.6492405951023101,0.7095238095222746
train_01180,1,0.38801282432340456,0.65724076628685,0.674358974357697
train_01181,0,0.00016115315772335917,0.672672951221466,0.8673992673965758
train_01182,1,0.9073229984564827,0.6891041934490203,0.19120879120739043
train_01183,1,0.45210821810404056,0.689538162946701,0.4945054945018718
train_01184,1,0.9237699604222103,0.6451338827610016,0.9695970695899665
train_01185,0,0.6548526904697982,0.9577121257781982,0.4490842490809591
train_01186,1,0.44561426557119027,0.7180590271949767,0.5120879120841606
train_01187,0,0.34349723841419527,0.6774864494800568,0.7897435897378041
train_01188,0,0.06456732597224502,0.6895110845565795,0.573992673988469
train_01189,0,0.3524985171070752,0.6916095674037933,0.6267399267389983
train_01190,1,0.9566492260679043,0.994665676355362,0.7509157509139127
train_01191,1,0.7125732385329526,0.9949342250823975,0.7157509157493351
train_01192,1,0.12174723466137752,0.7138731181621552,0.583150183145911
train_01193,1,0.40124583174012285,0.7081873416900635,0.416849816850426
train_01194,1,0.9913910508153976,0.6247998654842377,0.772527472525476
train_01195,0,0.8253015108391959,0.7041288435459137,0.4516483516487058
train_01196,0,0.34144594441956916,0.7404557406902312,0.44725274724947073
train_01197,0,0.7546928041144266,0.660355418920517,0.6996336996322372
train_01198,1,0.775609327777476,0.986850792169571,0.10989010989296781
train_01199,1,0.9087695506644905,0.6781841754913329,0.3040293040307397
train_01200,1,0.9976600157778928,0.6543173491954803,0.8117216117156651
train_01201,0,0.012222636492295538,0.8142750263214111,0.8952380952315369
train_01202,1,0.31499760495326745,0.9946766853332519,0.840659340656845
train_01203,0,0.6498465209394952,0.6984360873699188,0.5465201465161428
train_01204,1,0.9650826073282229,0.6795816123485565,0.5417582417579359
train_01205,1,0.9507731401745456,0.8590680062770844,0.7897435897378042
train_01206,0,0.62825625061861,0.7351543664932251,0.4780219780184761
train_01207,1,0.7712109620342013,0.656584233045578,0.6256410256401053
train_01208,1,0.8315481399791421,0.6076384782791138,0.7216117216100981
train_01209,1,0.263943499768631,0.9944952964782715,0.6007326007281998
train_01210,1,0.9806295268239139,0.9764656007289886,0.6853479853466276
train_01211,0,0.17210577925125012,0.6961559772491455,0.6761904761855224
train_01212,1,0.8244904636213979,0.6960779786109924,0.2131868131852514
train_01213,0,0.6199802619174126,0.6763322830200196,0.734432234430517
train_01214,1,0.5034221684141406,0.6578946232795715,0.5179487179485864
train_01215,1,0.9769183441557527,0.9784745693206787,0.516117216117098
train_01216,1,0.23553882624713046,0.7207131862640381,0.15860805861055965
train_01217,1,0.8768083655755319,0.6492133617401123,0.4501831501835152
train_01218,1,0.12339520015741932,0.6950673103332519,0.5087912087874814
train_01219,0,0.25250293183341277,0.9622018873691559,0.6300366300356774
train_01220,0,0.5515599426337859,0.6897845447063446,0.6776556776543761
train_01221,0,0.0014003902267361518,0.6592346608638764,0.8179487179463887
train_01222,0,0.6810080601686457,0.6903055250644683,0.5146520146482443
train_01223,1,0.12161020176585415,0.6957275748252869,0.5677655677650713
train_01224,1,0.7950311451462637,0.6974762976169586,0.4300366300334796
train_01225,0,0.019827402994594574,0.7207530081272124,0.6168498168489608
train_01226,0,0.21955306269927763,0.7041783154010772,0.30366300366077903
train_01227,0,0.3649468175784418,0.707602596282959,0.5098901098900375
train_01228,0,0.03478467834590194,0.6965917527675629,0.7135531135478861
train_01229,0,0.22268736226213937,0.7657127499580383,0.34358974359088945
train_01230,0,0.8402757206392963,0.7788411557674408,0.31868131868264704
train_01231,1,0.9608536790493879,0.8199433863162995,0.7282051281997934
train_01232,1,0.9617048491403705,0.6873669743537902,0.8457875457813495
train_01233,1,0.07039549743711396,0.6704723000526428,0.7164835164782676
train_01234,1,0.9960927209135301,0.9884204387664794,0.506959706955993
train_01235,1,0.9832765781623145,0.6654292285442351,0.6926739926725811
train_01236,1,0.9279610547177637,0.6733423829078674,0.610989010984535
train_01237,0,0.09507680935053728,0.7102688848972321,0.7227106227089911
train_01238,0,0.4165893150385317,0.998548424243927,0.6706959706910572
train_01239,0,0.2696666889848247,0.6993527054786681,0.6721611721562479
train_01240,1,0.999972492194979,0.6975894033908844,0.5527472527468663
train_01241,1,0.4796693516563447,0.6909634351730347,0.7428571428517008
train_01242,0,0.7855167966419752,0.7599292695522308,0.6736263736214387
train_01243,0,0.006767260819794574,0.7536145269870758,0.33846153846272187
train_01244,1,0.06463012985992336,0.6916405320167541,0.5472527472487381
train_01245,0,0.001075964455399192,0.6870022416114807,0.48131868131881816
train_01246,0,0.033020024331899836,0.6816182255744934,0.7223443223390305
train_01247,0,0.6474107149656511,0.7069127202033996,0.8454212454187149
train_01248,1,0.9348189238967226,0.703951758146286,0.5963369963326276
train_01249,0,0.028260054998276277,0.977742612361908,0.832600732598296
train_01250,0,0.023355901288227558,0.9859382569789886,0.41868131868191444
train_01251,1,0.9878902966235602,0.6716525673866272,0.43846153845832636
train_01252,1,0.5546403570993701,0.7408404529094696,0.3619047619057736
train_01253,0,0.00448641111894371,0.6858668506145478,0.31648351648119794
train_01254,1,0.20735278910547697,0.6861770272254943,0.49999999999633704
train_01255,1,0.3739638682475147,0.7223485291004181,0.7073260073244885
train_01256,0,0.006427905089236869,0.9503949046134949,0.44029304028981475
train_01257,0,0.10118503173437642,0.7356838285923004,0.5857142857136578
train_01258,0,0.178859741197064,0.6539310157299041,0.9036630036600465
train_01259,0,0.32065972668102277,0.6582409381866454,0.3054945054959304
train_01260,1,0.7255641652647409,0.6270755052566528,0.6395604395594172
train_01261,0,0.3996816422088347,0.694866520166397,0.7750915750895597
train_01262,0,0.44863216152208635,0.6717796802520752,0.49597069596706256
train_01263,0,0.03966959465796732,0.715008944272995,0.5677655677650714
train_01264,1,0.7849224437626925,0.6989777505397796,0.29890109889890915
train_01265,1,0.5785208051108148,0.7084609985351562,0.5626373626332408
train_01266,0,0.0469056913501482,0.7750774502754212,0.6095238095193443
train_01267,0,0.12757161733557343,0.723307466506958,0.35311355311096626
train_01268,1,0.7297811813879772,0.6890341460704803,0.540293040292745
train_01269,0,0.1359776631414862,0.6900990068912506,0.665201465196592
train_01270,1,0.9633995285593109,0.6664877474308013,0.7014652014637255
train_01271,0,0.20872504019819405,0.6914396405220031,0.6175824175778932
train_01272,0,0.03980647977752034,0.7404557406902312,0.4545787545790873
train_01273,1,0.02926216920813164,0.6765161633491517,0.8300366300342121
train_01274,0,0.053699846907386536,0.70435072183609,0.4461538461505777
train_01275,0,0.6603094162733456,0.6990198791027069,0.2512820512838734
train_01276,0,0.5283529443237974,0.705152827501297,0.19816849817070936
train_01277,1,0.9854902902934876,0.7624000787734986,0.651282051280943
train_01278,1,0.8631631895868693,0.6559849739074707,0.6846153846140322
train_01279,0,0.5825869383962232,0.6922959506511688,0.6472527472480055
train_01280,1,0.4759709537845964,0.6370833516120911,0.8600732600706222
train_01281,0,0.1686840833984975,0.6634446322917937,0.9600732600662267
train_01282,0,0.603714783442363,0.6964465141296386,0.34945054944798937
train_01283,1,0.8277878279197798,0.6466763198375702,0.49157509157515333
train_01284,0,0.17858830783191695,0.7143726050853729,0.4344322344327148
train_01285,0,0.3131474099811332,0.7105523228645325,0.4776556776558414
train_01286,1,0.9568114207601752,0.6324173867702484,0.855677655671387
train_01287,1,0.7548654769041198,0.6761049449443817,0.8058608058585651
train_01288,0,0.14436298623457064,0.7017489075660706,0.5164835164833957
train_01289,1,0.8557822538210411,0.7102504372596741,0.3754578754551249
train_01290,1,0.9295681616549379,0.6770485520362854,0.6212454212445331
train_01291,0,0.7390551419498536,0.7567221105098725,0.48608058608068805
train_01292,0,0.0019364656270028674,0.6504421949386596,0.7827838827818111
train_01293,0,0.08244028115015269,0.692956417798996,0.48754578754587874
train_01294,0,0.06621882701220892,0.6102867156267167,0.8725274725247434
train_01295,1,0.9550767064195524,0.7011794507503509,0.6179487179478538
train_01296,1,0.8452884095092531,0.6996466815471649,0.6047619047574743
train_01297,1,0.906827559578319,0.7252470195293426,0.2106227106211676
train_01298,1,0.6002468024239935,0.6840439796447754,0.610989010984535
train_01299,0,4.156676120690335e-05,0.750767570734024,0.8150183150123442
train_01300,1,0.6488701453690222,0.8781347453594207,0.7377289377271962
train_01301,0,0.873175199658362,0.6138490617275238,0.7424908424890659
train_01302,0,0.019672239825110086,0.7148801028728484,0.7981684981663137
train_01303,0,0.34096645089620214,0.7113862931728363,0.8461538461513103
train_01304,0,0.029690043253470327,0.723296308517456,0.49377289377293937
train_01305,1,0.677692952880741,0.7007262766361236,0.6340659340612889
train_01306,0,0.041381323381238934,0.7164553046226501,0.6267399267389983
train_01307,1,0.9646146823684488,0.6037267684936523,0.6366300366253728
train_01308,0,0.5671732204210269,0.6595678389072418,0.9439560439527916
train_01309,1,0.8568870631083674,0.9892060399055481,0.5366300366297683
train_01310,1,0.1829772751896978,0.6948184192180633,0.7080586080570839
train_01311,1,0.4394939818152608,0.7046271562576294,0.4926739926740463
train_01312,1,0.9066851981906607,0.6732792913913727,0.65018315018205
train_01313,1,0.9462125320455572,0.6727644443511962,0.6457875457864777
train_01314,0,0.005417196285074291,0.7728021264076232,0.38608058608142065
train_01315,1,0.7617277100827148,0.9910291373729706,0.512820512816756
train_01316,1,0.5292219537764903,0.7016290605068207,0.44578754578428
train_01317,1,0.7560351456502584,0.6583291947841644,0.513919413919312
train_01318,1,0.9798893554618071,0.7025622487068176,0.5282051282049216
train_01319,1,0.6142540690896973,0.6919638752937316,0.5494505494501871
train_01320,1,0.017875099507537906,0.6103902995586394,0.7315018315001356
train_01321,1,0.2865753729488012,0.6618867933750152,0.5999999999992673
train_01322,0,0.3366911679217793,0.7098555505275725,0.7025641025626186
train_01323,0,0.42632354086694746,0.6641717970371246,0.45384615384649196
train_01324,0,0.08618173547237634,0.6986306369304657,0.6761904761855224
train_01325,0,0.4280046531099202,0.9948396742343902,0.784249084243339
train_01326,1,0.9819502751204696,0.9944289863109589,0.5695970695928968
train_01327,1,0.26021327321141724,0.6412105441093445,0.6256410256401053
train_01328,0,0.0004969213308094427,0.6647883117198944,0.9380952380920287
train_01329,0,0.686949463327299,0.7558329284191132,0.5296703296664493
train_01330,0,0.28347583715369573,0.7068551719188689,0.6208791208745723
train_01331,0,0.03690675538302982,0.6759146392345428,0.8838827838763086
train_01332,1,0.9442069393081755,0.6857973039150238,0.3827838827847415
train_01333,0,0.13577686129964672,0.6998083770275116,0.6249084249038469
train_01334,0,0.2947510132025416,0.6695662975311278,0.5007326007325954
train_01335,0,0.02038473973670743,0.7062951505184174,0.6461538461527754
train_01336,0,0.14609527266432015,0.976875740289688,0.5245421245382818
train_01337,1,0.4416685632826237,0.7341987788677216,0.5410256410216775
train_01338,0,0.2806490096663449,0.771011197566986,0.5717948717906829
train_01339,1,0.12159438343015157,0.7254438102245331,0.8223443223382979
train_01340,0,0.11701574111815728,0.6624024748802184,0.6981684981670464
train_01341,0,0.026124676193625226,0.6869819581508636,0.4062271062241303
train_01342,1,0.935411624085267,0.6910222351551056,0.49120879120885563
train_01343,1,0.8591876220333652,0.9982386589050293,0.26556776556582
train_01344,0,0.025985866926362983,0.7011096417903899,0.568131868131369
train_01345,0,0.03234265490929997,0.7013557612895965,0.5989010988967114
train_01346,0,0.8821101465453698,0.7444213867187499,0.5732600732558736
train_01347,0,0.262809951449431,0.6637042701244353,0.5754578754536597
train_01348,1,0.9899206439243127,0.6856488347053528,0.9150183150116117
train_01349,1,0.874425758700913,0.6969009637832642,0.28644688644478794
train_01350,1,0.9996231083272024,0.7409925043582917,0.21794871794712128
train_01351,0,0.6707217973812536,0.6938562452793121,0.19670329670185566
train_01352,1,0.10568406535755491,0.7087854444980621,0.8490842490816917
train_01353,0,0.40797717978602155,0.6897388815879821,0.25201465201280576
train_01354,1,0.5190588150476149,0.6955076873302459,0.4677655677658039
train_01355,0,0.3267313629913781,0.9580547034740448,0.6794871794858646
train_01356,0,0.9269902433040772,0.6872100412845612,0.5084249084248467
train_01357,0,0.7588587234361327,0.7088157176971435,0.25054945055127803
train_01358,1,0.8065936291509591,0.6758933246135712,0.8018315018256277
train_01359,0,0.18262295044115914,0.7236504673957824,0.4062271062241303
train_01360,1,0.0035590592626237264,0.7020598769187927,0.5172161172123281
train_01361,1,0.735870177030158,0.7335488855838775,0.5113553113515652
train_01362,0,0.06560082212677788,0.6760075747966766,0.8919413919348577
train_01363,1,0.966297178651961,0.6757701873779296,0.42564102564157036
train_01364,0,0.02743062480319927,0.6871261060237884,0.3421245421256987
train_01365,1,0.9831628470566202,0.70435072183609,0.47032967032622475
