id,mislabel_score,dup_score,ood_score
train_00000,0.09157703959064763,0.6989746034145354,0.3069597069611212
train_00001,0.3351802070653568,0.6907090365886688,0.690476190474795
train_00002,0.8431129658235065,0.7113762021064758,0.48351648351660426
train_00003,0.008621318829199032,0.6782228410243988,0.4501831501835151
train_00004,0.8702136178128956,0.6396457433700562,0.8413919413894404
train_00005,0.04577960744938166,0.6863723754882812,0.9043956043926418
train_00006,0.6933329586654136,0.7101929008960723,0.4901098901099626
train_00007,0.001069895999864358,0.841805225610733,0.493040293040344
train_00008,0.05399878317770601,0.690740555524826,0.5329670329667915
train_00009,0.09262566362601887,0.6842148840427398,0.6688644688632317
train_00010,0.3829916768079429,0.6957308888435363,0.37875457875546703
train_00011,0.08726086274226044,0.9798929393291473,0.5007326007325954
train_00012,0.9882516806027266,0.681350439786911,0.4512820512824082
train_00013,0.8780293583615695,0.7064868628978729,0.5040293040292745
train_00014,0.690437538924191,0.7788411557674408,0.10915750916037244
train_00015,0.25341749785369483,0.7053723812103272,0.2747252747269251
train_00016,0.7243813321092857,0.6737015306949615,0.4820512820514135
train_00017,0.19574045893383882,0.6843474149703979,0.6179487179478539
train_00018,0.06946784839959996,0.6786688804626464,0.10842490842777706
train_00019,0.9039626549370612,0.6833196759223938,0.6014652014644581
train_00020,0.0025476166572729886,0.6048249304294586,0.5835164835158717
train_00021,0.032653048929290995,0.6884447157382965,0.7930402930381463
train_00022,0.012087056606136348,0.710855382680893,0.6644688644676595
train_00023,0.5755389777132968,0.6564729869365692,0.5417582417579359
train_00024,0.4521269312209525,0.7120942056179047,0.5688644688639644
train_00025,0.5711098770455475,0.7444213867187499,0.5318681318678984
train_00026,0.16284738113362618,0.7428762376308441,0.3216117216130285
train_00027,0.10522544687785151,0.9977816998958587,0.7534798534779965
train_00028,0.7245444976879477,0.9829047381877899,0.7106227106211677
train_00029,0.9972941572810935,0.7005878269672394,0.6622710622698735
train_00030,0.4063426971600474,0.7045348167419434,0.5842490842484671
train_00031,0.5443848744512756,0.6604575216770172,0.6794871794858646
train_00032,0.13691252653206756,0.6761057794094085,0.4446886446890499
train_00033,0.5233762355248491,0.6847066283226013,0.5816849816843832
train_00034,0.02735750157266592,0.7096580207347869,0.41391941392004455
train_00035,0.006740967057312385,0.7202080905437469,0.7109890109874653
train_00036,0.8356229465420462,0.7023907482624054,0.3131868131881818
train_00037,0.008647939470773967,0.6717170298099517,0.5065934065933584
train_00038,0.6221595417975406,0.7092661023139953,0.43406593406641714
train_00039,0.5344181904268488,0.7113762021064758,0.36666666666764347
train_00040,0.549054626079086,0.6772302210330963,0.1633699633724295
train_00041,0.46076037102116263,0.7043327271938324,0.5593406593402246
train_00042,0.04486791516159801,0.989595752954483,0.26813186813356676
train_00043,0.9661775775556308,0.6841538548469543,0.7249084249067772
train_00044,0.0032776370716394165,0.72487313747406,0.22710622710822628
train_00045,0.04890239645379135,0.6860045611858367,0.06630036630354354
train_00046,0.4347551744717243,0.731151956319809,0.5146520146519074
train_00047,0.34986058930342906,0.7342343688011169,0.3600732600742852
train_00048,0.7,0.9949164032936096,0.589010989010337
train_00049,0.30776523917150694,0.6816746652126312,0.8014652014629929
train_00050,0.2544113467564357,0.7070093631744385,0.5047619047618699
train_00051,0.795794920838791,0.6557140827178956,0.3216117216130285
train_00052,0.02579661098334629,0.6387054145336151,0.6139194139185793
train_00053,0.01097645943163239,0.7057352185249328,0.7908424908403602
train_00054,0.655409038849434,0.7138020992279053,0.476923076923246
train_00055,0.05642823442826377,0.6580519258975983,0.5043956043955722
train_00056,0.0736093263896117,0.687038516998291,0.3421245421256987
train_00057,0.6184145684861844,0.704787939786911,0.8923076923048183
train_00058,0.06062696608125806,0.719493955373764,0.42380952381008197
train_00059,0.7923123558504116,0.6881260454654694,0.5736263736258342
train_00060,0.012028968899340135,0.9952081680297852,0.5798534798528949
train_00061,0.9884615989228397,0.7027886867523193,0.5677655677650713
train_00062,0.15964581174325052,0.9584504067897797,0.32124542124673083
train_00063,0.3182052946731767,0.6678493976593017,0.8249084249060447
train_00064,0.0012975889644965175,0.6797720074653626,0.5692307692302621
train_00065,0.06265327642351307,0.6864699721336365,0.5999999999992673
train_00066,0.30105847020780907,0.6501001000404358,0.9047619047589395
train_00067,0.9304776268363973,0.6913710057735443,0.31758241758375394
train_00068,0.04937792468414901,0.6973968029022217,0.32820512820638675
train_00069,0.8743779134012393,0.73798868060112,0.6842490842477345
train_00070,0.05584956070560878,0.6861546099185943,0.8974358974329859
train_00071,0.029463980403664842,0.7117730736732483,0.4703296703298877
train_00072,0.04311245342371184,0.6854245722293854,0.4435897435901568
train_00073,0.8570000820608775,0.6844818711280822,0.606227106226328
train_00074,0.9293838295875052,0.6698040962219238,0.37326007326100175
train_00075,0.5395297370612128,0.7496534645557403,0.3252747252760053
train_00076,0.4235085001709347,0.5946735501289367,0.5608058608054154
train_00077,0.005756653783410715,0.7243721902370452,0.3611721611731782
train_00078,0.11577566130107772,0.7074665188789367,0.40183150183222105
train_00079,0.09365566729160262,0.6886986255645752,0.34322344322459175
train_00080,0.44305619501806615,0.8244708597660064,0.10073260073552576
train_00081,0.08085549632997358,0.6452554285526275,0.4597069597072549
train_00082,0.3001618978866448,0.9922579765319824,0.5062271062270607
train_00083,0.20375417011447539,0.7136464595794678,0.17362637362876462
train_00084,0.9974173030870548,0.6750528514385223,0.5146520146519074
train_00085,0.9753591487351891,0.6438703238964081,0.9249084249053121
train_00086,0.5764010507762245,0.8590680062770844,0.7087912087896793
train_00087,0.0256163969824887,0.9992384374141693,0.5219780219778609
train_00088,0.8158020864983127,0.6903881967067718,0.4648351648354225
train_00089,0.2518395187868794,0.7043820321559906,0.42637362637416576
train_00090,0.04179273686204551,0.7117966353893279,0.5985347985340767
train_00091,0.054433392919806645,0.7876489043235779,0.1695970695994901
train_00092,0.16490388941786482,0.7248579204082488,0.2146520146541051
train_00093,0.00602986288911441,0.6717923998832702,0.952747252743936
train_00094,0.12274420612228884,0.743988573551178,0.2117216117237236
train_00095,0.06454280369002403,0.687705898284912,0.5282051282049216
train_00096,0.8264003511979788,0.7266211450099944,0.42857142857195185
train_00097,0.02504822829297495,0.6991202473640441,0.608424908424114
train_00098,0.10603100616717848,0.977742612361908,0.7421245421227683
train_00099,0.5245665685144526,0.6997300803661346,0.3018315018329536
train_00100,0.8096547756182196,0.6842658936977386,0.8619047619021106
train_00101,0.030663059669243875,0.6944661319255829,0.5399267399264474
train_00102,0.5552681928539971,0.6955040633678435,0.704395604394107
train_00103,0.3570855445842757,0.7048095762729645,0.493040293040344
train_00104,0.19338085921742273,0.7292615950107575,0.19670329670551867
train_00105,0.0055699073279575975,0.6926938056945801,0.4175824175830214
train_00106,0.029376290270360598,0.7327374517917633,0.6157509157500678
train_00107,0.11675125115616003,0.6569906413555144,0.3721611721621087
train_00108,0.6305495251439471,0.6617997109889984,0.4875457875458788
train_00109,0.16630107471256322,0.7096498906612396,0.5505494505490802
train_00110,0.016023343100264542,0.712108701467514,0.5820512820506809
train_00111,0.19270766908855722,0.7027682483196258,0.3846153846162299
train_00112,0.18661104373033002,0.6329921066761017,0.9589743589709965
train_00113,0.6785948780473592,0.7190086781978606,0.1413919413945685
train_00114,0.006798238239390282,0.6927134037017821,0.5695970695965598
train_00115,0.003568293323166438,0.9884204387664794,0.3274725274737914
train_00116,0.06184384713929163,0.7078909337520599,0.26849816849986446
train_00117,0.09733023233704807,0.7160100758075714,0.40329670329741174
train_00118,0.0009237351428660449,0.6473809242248535,0.6824175824162461
train_00119,0.2709164423949749,0.6805780529975891,0.36300366300466663
train_00120,0.008253044723820076,0.660108995437622,0.64542124542018
train_00121,0.12378147449724952,0.7071018457412719,0.23992673992864522
train_00122,0.023672206347150677,0.6797720074653626,0.531135531135303
train_00123,0.7978111054629019,0.6996735036373138,0.576190476189918
train_00124,0.03867490350903233,0.9975072503089905,0.6498168498157523
train_00125,0.950865956320511,0.7000559270381927,0.44065934065977536
train_00126,0.8871944871512571,0.9982386589050293,0.10842490842777708
train_00127,0.008716838408209582,0.6379514276981353,0.39047619047699283
train_00128,0.9898531323251001,0.6699796855449676,0.5864468864462531
train_00129,0.050957010497183916,0.7140195012092589,0.6655677655665526
train_00130,0.035408814385575374,0.739674299955368,0.5329670329667915
train_00131,0.0004306896931251329,0.8005394279956817,0.3890109890118021
train_00132,0.8831109530777496,0.6525683403015137,0.600366300365565
train_00133,0.03677384806469096,0.9752576529979705,0.6274725274715935
train_00134,0.5331293307790562,0.9807463765144347,0.22783882784082168
train_00135,0.018188836064434666,0.9898544669151306,0.26043956044131544
train_00136,0.25655565289045545,0.6736453592777252,0.2318681318700962
train_00137,0.9676329599939126,0.6790980577468873,0.508058608058549
train_00138,0.3973846781312701,0.6860738694667816,0.39633699633775576
train_00139,0.0011820493237026941,0.7624000787734986,0.6190476190467469
train_00140,0.00451172729399818,0.9950207829475403,0.6769230769217808
train_00141,0.12871365255050515,0.699054056406021,0.1831501831525044
train_00142,0.8308994168759228,0.7146689534187316,0.3864468864477183
train_00143,0.12383240653944994,0.740331369638443,0.23333333333528694
train_00144,0.22180039491509593,0.7180625140666961,0.1205128205156006
train_00145,0.006265064696225659,0.6835139751434326,0.45421245421278966
train_00146,0.08250317596785227,0.6996935367584228,0.2076923076944491
train_00147,0.019707109147043145,0.6645787298679351,0.5882783882777416
train_00148,0.00653505379265114,0.6957298576831817,0.7315018315001356
train_00149,0.3263108900628488,0.7266225099563599,0.31355311355447946
train_00150,0.03752622763817721,0.7101929008960723,0.46556776556801777
train_00151,0.00011545231599041639,0.7963163793087005,0.49010989010996253
train_00152,0.05087047336233108,0.6684603214263916,0.3516483516494385
train_00153,0.9430507172666834,0.7103406846523285,0.7673992673973085
train_00154,0.6684637830844887,0.7126013219356537,0.6091575091567094
train_00155,0.5287297053930733,0.9580753445625305,0.7622710622691409
train_00156,0.2724648584430467,0.6697034776210784,0.3750915750924902
train_00157,0.03655531170273021,0.6996594667434692,0.7846153846132995
train_00158,0.24476168487154937,0.7341987788677216,0.577289377288811
train_00159,0.06381177783174975,0.9794563829898834,0.6047619047611372
train_00160,0.9963122102743218,0.6834234654903412,0.7461538461520428
train_00161,0.0015512343496316694,0.6759732007980346,0.5564102564098432
train_00162,2.950698495737639e-05,0.7460607290267944,0.6739926739913993
train_00163,0.10328236913901767,0.6956139624118804,0.7468864468846382
train_00164,0.2110157687606653,0.7681146085262298,0.11355311355594465
train_00165,0.0690557393401323,0.6451959192752839,0.62014652014564
train_00166,0.7055293846939,0.7207131862640381,0.2699633699650552
train_00167,0.7529572319069978,0.7020247042179107,0.3446886446897825
train_00168,0.6713581363135338,0.6801886022090912,0.35311355311462916
train_00169,0.9077512788763951,0.6269850790500641,0.6318681318671658
train_00170,0.031587041432228985,0.6540747106075286,0.6076923076915187
train_00171,0.39049990466139056,0.672389155626297,0.7809523809503227
train_00172,0.12118719098609164,0.6846531987190246,0.4252747252752727
train_00173,0.0032130595705405617,0.6828537583351135,0.4622710622713387
train_00174,0.23243223007342942,0.6844971001148223,0.7754578754558574
train_00175,7.606270235993584e-06,0.974981939792633,0.46996336996359
train_00176,0.08328321792843785,0.6841197073459625,0.5336996336993869
train_00177,0.7979838813595468,0.8351058065891266,0.7937728937707416
train_00178,0.6775413522433833,0.6851575791835784,0.6476190476179662
train_00179,0.5935086107998392,0.6969754278659821,0.16630036630281092
train_00180,0.23034101556142986,0.6797646045684814,0.8652014651987898
train_00181,0.3190186675995883,0.7164027214050293,0.4128205128211515
train_00182,0.034031043099148284,0.7113930583000183,0.5102564102563352
train_00183,0.6264859538962689,0.6628474652767181,0.46666666666691087
train_00184,0.03776801147608292,0.7050907731056213,0.7802197802177273
train_00185,0.06684509337585665,0.7439847230911254,0.2706959706976506
train_00186,0.08824424181614578,0.7675558388233185,0.1465201465227361
train_00187,0.515671867278181,0.9778383553028106,0.2765567765584135
train_00188,0.8768105161641155,0.8781347453594207,0.7985347985326114
train_00189,0.054987484994052115,0.6968921780586242,0.5721611721606435
train_00190,0.3899120343910455,0.6820030391216279,0.6238095238086168
train_00191,0.48356315638926484,0.70197314620018,0.1256410256437682
train_00192,0.1600066883661181,0.6882870256900787,0.4366300366305009
train_00193,0.9795639023614654,0.654878282546997,0.5879120879114439
train_00194,0.6457969917971756,0.9762150347232819,0.8831501831473763
train_00195,0.1238595923134163,0.9947198569774628,0.48791208791217644
train_00196,0.22707314197081854,0.7067129731178283,0.6080586080578164
train_00197,0.025631634471299253,0.7750774502754212,0.5787545787540018
train_00198,0.11275197497135825,0.7081873416900635,0.29084249084402314
train_00199,0.9222371845516819,0.7120191037654877,0.5538461538457594
train_00200,0.6953861519251996,0.6859583556652069,0.9069597069567256
train_00201,0.5663599577558662,0.6644173324108124,0.6289377289367843
train_00202,0.0056858187774564365,0.7019392132759095,0.17216117216357388
train_00203,0.6887916892367251,0.6945662558078766,0.8135531135508165
train_00204,0.12981846933674815,0.6343045890331268,0.53003663003641
train_00205,0.9208415183316885,0.7163590073585511,0.424908424908975
train_00206,0.04575095621317615,0.690878403186798,0.5992673992666719
train_00207,0.00020958680835047577,0.6777693092823028,0.42820512820565415
train_00208,0.41189157449570823,0.6785020649433136,0.6446886446875847
train_00209,0.0006797345442540984,0.6895149290561675,0.7300366300349448
train_00210,0.16647863741896513,0.6883866012096405,0.7465201465183405
train_00211,0.2881883768054797,0.6745485007762908,0.8340659340634868
train_00212,0.09495971095565774,0.6693631112575531,0.1688644688668947
train_00213,0.04799686801696055,0.7069826245307922,0.5197802197800749
train_00214,0.23539367277738954,0.6992369949817657,0.0970695970725489
train_00215,0.9466905665591416,0.650912594795227,0.8648351648324921
train_00216,0.3062487930417708,0.6737847805023194,0.5967032967025883
train_00217,0.01958513088714564,0.6798085987567901,0.28608058608215325
train_00218,0.47164624343013145,0.7148761749267578,0.5076923076922514
train_00219,0.18191324692385036,0.7481936156749724,0.4575091575094688
train_00220,0.06625407193159596,0.7020236015319824,0.46227106227133874
train_00221,0.3814583916988485,0.6639357149600982,0.5769230769225133
train_00222,0.015616337810649503,0.6604355275630951,0.4926739926740464
train_00223,0.0009617965781130889,0.6649232923984527,0.6333333333323565
train_00224,0.48074546335134305,0.704936647415161,0.6989010988996418
train_00225,0.1106963708071782,0.6439871966838837,0.4633699633702317
train_00226,0.9095989288119886,0.7266211450099944,0.45787545787576645
train_00227,0.8952030274123798,0.7121755838394165,0.12600732601006584
train_00228,0.9981067398941539,0.6682785391807555,0.7227106227089911
train_00229,0.007816422376939766,0.9995807766914367,0.3047619047633351
train_00230,0.00851272967131167,0.6341374278068542,0.9875457875422158
train_00231,0.819715671343693,0.7433330535888671,0.1780219780243368
train_00232,0.28557759302761543,0.7130560338497162,0.356776556777606
train_00233,0.08868808017219165,0.7041941702365875,0.531135531135303
train_00234,0.051694291903675534,0.6922047853469848,0.48864468864477184
train_00235,0.9555853519493959,0.6815375745296478,0.7461538461520429
train_00236,0.5480004455563987,0.775680410861969,0.5391941391938521
train_00237,0.0970015231915895,0.692925328016281,0.45384615384649196
train_00238,0.9892141805670956,0.6434494853019714,0.7750915750895597
train_00239,0.5274480860451379,0.7089805603027344,0.673260073258804
train_00240,0.6469216589005585,0.6887134194374085,0.21794871795078424
train_00241,0.13536442215697275,0.7062949776649474,0.7091575091559769
train_00242,0.025104144042419924,0.7044765412807464,0.3589743589753921
train_00243,0.021501078238042242,0.6954983353614808,0.7087912087896793
train_00244,0.8862714117944014,0.9642643749713897,0.5413919413916382
train_00245,0.017862093786181532,0.6681571900844574,0.7758241758221551
train_00246,0.8323189816953793,0.693356317281723,0.3802197802206577
train_00247,0.3418907378041959,0.6792490959167481,0.803663003660779
train_00248,0.9957980028429406,0.6424260079860686,0.8362637362612728
train_00249,0.10438928112657686,0.656792140007019,0.8882783882755438
train_00250,0.08135704638991131,0.7731427669525146,0.1681318681342994
train_00251,0.040542719700104125,0.7875816404819489,0.7208791208775027
train_00252,0.5422181915420321,0.6968007683753967,0.4494505494509198
train_00253,0.52674676393598,0.6622306048870086,0.4366300366305009
train_00254,0.9370121786677932,0.6977960765361786,0.6948717948703672
train_00255,0.07221760791075427,0.9685564577579499,0.2648351648368876
train_00256,0.004276230586835166,0.6886544942855835,0.5963369963362906
train_00257,0.5425470925416875,0.670050448179245,0.3501831501842477
train_00258,0.5374585234093774,0.9933544337749481,0.49670329670332086
train_00259,0.5056965581589894,0.6686635375022888,0.6238095238086168
train_00260,0.7420936583593826,0.6941890895366669,0.2608058608076131
train_00261,0.8496677333080975,0.9794563829898834,0.5695970695965598
train_00262,0.9113607502712401,0.7023907482624054,0.42417582417637967
train_00263,0.9317542028992325,0.7046227037906647,0.5692307692302621
train_00264,0.07658749987252322,0.6948260128498077,0.5684981684976667
train_00265,0.2829084888125511,0.7279324948787689,0.30109890110035825
train_00266,0.09441519131952758,0.9605003416538238,0.3465201465212709
train_00267,0.5876579776063232,0.7127365052700043,0.2417582417601336
train_00268,0.726802107924561,0.6790564060211182,0.46007326007355265
train_00269,0.8454721772274016,0.6889647483825683,0.19084249084475569
train_00270,0.38355239519412,0.800531929731369,0.44615384615424064
train_00271,0.7533470809882685,0.6725353300571442,0.5798534798528948
train_00272,0.5664623054890324,0.7055367588996887,0.11208791209075392
train_00273,0.9306563858757638,0.6869819581508636,0.4223443223448913
train_00274,0.06962084390316142,0.9985055387020111,0.5630036630032014
train_00275,0.9652009086940677,0.7062995910644532,0.7282051282034563
train_00276,0.010669761175802952,0.9950333297252655,0.5941391941385045
train_00277,0.09306934124715172,0.8567626059055329,0.6098901098893048
train_00278,0.07916549423659835,0.6987192213535309,0.3065934065948235
train_00279,0.5991586732858216,0.6745226025581359,0.386813186814016
train_00280,0.6283477781990734,0.685203617811203,0.6842490842477345
train_00281,0.9312314744442451,0.7064503371715545,0.4787545787547344
train_00282,0.1632969892953703,0.6993385136127472,0.03699633699972891
train_00283,0.03224953702228037,0.9620436370372772,0.5304029304027077
train_00284,0.23190719643239455,0.6428738236427307,0.6860805860792228
train_00285,0.037484310453245295,0.7063806653022766,0.6428571428560963
train_00286,0.9197386652610207,0.7152244746685028,0.42417582417637967
train_00287,0.2298000919180069,0.7080167412757874,0.6989010988996418
train_00288,0.010182768245519709,0.9952081680297852,0.591208791208123
train_00289,0.7507500680354631,0.7481936156749724,0.21758241758448657
train_00290,0.9134819907605185,0.6966808855533599,0.536996336996066
train_00291,0.3806706054989527,0.6786753356456756,0.5109890109889305
train_00292,0.008979218316349208,0.680155223608017,0.8197802197778771
train_00293,0.4164806478744504,0.7098316192626952,0.25750915751093395
train_00294,0.8052498179323352,0.6970102369785309,0.4926739926740464
train_00295,0.657821264774708,0.7186159551143646,0.3571428571439037
train_00296,0.016585797855668827,0.6950618922710419,0.3919413919421836
train_00297,0.9293357715348034,0.7508490741252899,0.691575091573688
train_00298,0.49792405937715345,0.6618048310279846,0.6377289377279287
train_00299,0.5394955841818736,0.7101446509361267,0.3450549450560802
train_00300,0.06752418460694015,0.6928524076938629,0.4604395604398503
train_00301,0.08325807890512048,0.841805225610733,0.3897435897443975
train_00302,0.8765684325363117,0.6820607721805572,0.49743589743591626
train_00303,0.048767509239110184,0.70747252702713,0.2227106227126541
train_00304,0.5061692759560182,0.6468454301357269,0.37985347985436
train_00305,0.013891423384866467,0.683171170949936,0.6388278388268218
train_00306,0.612213001548032,0.7134677588939666,0.5424908424905313
train_00307,0.07772264097655032,0.6952635228633881,0.07509157509468793
train_00308,0.0819305852095008,0.6774094521999359,0.8025641025618859
train_00309,0.8906077652551132,0.704765921831131,0.3333333333345543
train_00310,0.8359693080717446,0.7069826245307922,0.38791208791290904
train_00311,0.19257584505239989,0.6652724325656891,0.5293040293038147
train_00312,0.5324571200339889,0.7114792764186859,0.23846153846345447
train_00313,0.28686489684082817,0.9751672327518462,0.5131868131867166
train_00314,0.9623907828516203,0.5933348894119262,0.4820512820514135
train_00315,0.1999727832892344,0.7285189628601074,0.19377289377513715
train_00316,0.04557018253763531,0.6664208471775055,0.9432234432201962
train_00317,0.17826736522595588,0.7335488855838775,0.10219780220071646
train_00318,0.1246207338750546,0.94076127409935,0.4868131868132834
train_00319,0.14219586114635427,0.6467478692531585,0.8798534798506971
train_00320,0.030168419336362433,0.6809798181056976,0.6369963369953334
train_00321,0.12680430989397168,0.7361983478069305,0.3450549450560802
train_00322,0.13140005282999345,0.6843591749668121,0.5065934065933583
train_00323,0.8726040998141674,0.6188523709774016,0.4996336996337023
train_00324,0.9400882234278592,0.6950618922710419,0.46043956043985024
train_00325,0.18697249730446552,0.6969754278659821,0.08315018315323697
train_00326,0.14227473448400654,0.8364015519618988,0.5728937728932388
train_00327,0.09664311961227134,0.6687500894069671,0.8509157509131802
train_00328,0.7228954685293092,0.6631221771240234,0.6505494505483477
train_00329,0.4125162765456719,0.8219432055950164,0.7791208791188342
train_00330,0.04466241769359239,0.7000020682811736,0.5051282051281676
train_00331,0.027105929227421534,0.6926938056945801,0.848717948715394
train_00332,0.10439785840437767,0.6823432922363282,0.4223443223448912
train_00333,0.08829393731754949,0.7356838285923004,0.4219780219785935
train_00334,0.057293223431973885,0.716243290901184,0.6164835164826632
train_00335,0.5526397086766238,0.7003236293792725,0.6827838827825436
train_00336,0.021260395509520524,0.6768987953662873,0.4256410256415704
train_00337,0.8713946580642258,0.7117966353893279,0.3912087912095882
train_00338,0.24855692425368955,0.7179141461849212,0.484981684981795
train_00339,0.5109552076473802,0.6955745458602904,0.1340659340686149
train_00340,0.9818153583739739,0.6175097107887269,0.45641025641057575
train_00341,0.00017979703146198123,0.9634069561958313,0.10073260073552573
train_00342,0.520700771593034,0.6950629770755767,0.9161172161141677
train_00343,0.7526209280600686,0.7163590073585511,0.25494505494685016
train_00344,0.03355758531218074,0.6946121394634246,0.4358974358979055
train_00345,0.5710068925495362,0.7081898391246795,0.29890109890257216
train_00346,0.09080869884179753,0.9752576529979705,0.5241758241756471
train_00347,0.009188150604994116,0.6979403555393219,0.2945054945069999
train_00348,0.3621385288911587,0.9807463765144347,0.19853479853700706
train_00349,0.17297814369147266,0.6844273567199707,0.37326007326100175
train_00350,0.01372704343537712,0.6669772624969482,0.5860805860799554
train_00351,0.655762628087135,0.6289273560047149,0.929670329667182
train_00352,0.30660615558164656,0.7020797371864318,0.2663003663020784
train_00353,0.7499825565357513,0.7252361834049225,0.30073260073406055
train_00354,0.38033260995657936,0.6897755444049836,0.31465201465337245
train_00355,0.9473099611794129,0.6923744797706604,0.4219780219785936
train_00356,0.9840700383532047,0.6961059093475341,0.28901098901253475
train_00357,0.01624727826851841,0.6971274077892303,0.5007326007325954
train_00358,0.684428657355254,0.6358199656009673,0.7816849816829181
train_00359,0.9189642298233566,0.698739904165268,0.3897435897443975
train_00360,0.08557899548781138,0.6654963433742522,0.5329670329667915
train_00361,0.011604804856854965,0.6944221138954163,0.6747252747239947
train_00362,0.027822597402847184,0.6837500751018524,0.892673992671116
train_00363,0.04653660800381809,0.6823005139827728,0.5714285714280481
train_00364,0.08621745895329969,0.7010917484760284,0.6095238095230071
train_00365,0.20878816357675936,0.6819828927516938,0.4835164835166043
train_00366,0.5096122144354123,0.7060266256332397,0.4358974358979055
train_00367,0.8796260025637737,0.6966596066951751,0.30293040293184664
train_00368,0.8525102988250983,0.6521599411964416,0.4622710622713387
train_00369,0.009465032905937807,0.6937914311885833,0.5340659340656845
train_00370,0.005204925737522262,0.6881357491016388,0.6457875457864777
train_00371,0.011304003640229045,0.686449009180069,0.36813186813283416
train_00372,0.9845145191907622,0.8147382855415344,0.5842490842484671
train_00373,0.20619972738354753,0.6842370510101319,0.2787545787561996
train_00374,0.14700082237488776,0.6506853759288788,0.36923076923172726
train_00375,0.004563664192999508,0.6922087371349335,0.528937728937517
train_00376,0.17926735628388504,0.6856034576892853,0.4161172161178306
train_00377,0.7824260258919704,0.6855161368846894,0.5509157509153779
train_00378,0.9295215602386614,0.6882808685302735,0.5212454212452656
train_00379,0.39481206394976637,0.7039374768733978,0.43333333333382174
train_00380,0.24085321313654195,0.6674168765544891,0.6347985347975473
train_00381,0.039989316360354854,0.7097728312015533,0.3692307692317272
train_00382,0.6451111175985257,0.7092571794986724,0.7208791208775027
train_00383,0.542111186942468,0.6797240436077118,0.07692307692617638
train_00384,0.8689635182570798,0.7057644903659821,0.0652014652046505
train_00385,0.07854547004332098,0.8095682442188263,0.1736263736287646
train_00386,0.3286275439876877,0.6159351110458373,0.5860805860799554
train_00387,0.00013573369818303412,0.6692677557468414,0.4117216117222584
train_00388,0.5147309891520633,0.6673804879188537,0.6699633699621248
train_00389,0.8435797333426656,0.7001098334789275,0.310622710624098
train_00390,0.6065987111984679,0.6979403555393219,0.42967032967084495
train_00391,0.5495346778731609,0.731151956319809,0.5512820512816756
train_00392,0.20204272029266118,0.6823191583156585,0.4465201465205383
train_00393,0.7638647990331542,0.8230050742626189,0.508058608058549
train_00394,0.9610526893507254,0.7722618758678437,0.5666666666661783
train_00395,0.9896566359748149,0.7657127499580383,0.243589743591622
train_00396,0.024056934453832057,0.723384016752243,0.13003663003934035
train_00397,0.00034632377106891266,0.6405991911888123,0.4831501831503066
train_00398,0.9058542464098384,0.6931760370731354,0.7135531135515492
train_00399,0.019829073610162822,0.6894247651100158,0.5684981684976667
train_00400,0.6986766138750495,0.6949596464633941,0.34688644688756853
train_00401,0.005018947759350967,0.9899677693843841,0.24761904762089657
train_00402,0.013523550863532519,0.8211463391780853,0.04468864469198025
train_00403,0.42794385940401736,0.9762150347232819,0.8586080586054314
train_00404,0.5139048268065174,0.7112106025218963,0.4351648351653101
train_00405,0.12537251038456976,0.7013854026794433,0.3886446886455044
train_00406,0.08151411611123167,0.6841133236885071,0.47545787545805523
train_00407,0.9229188965579453,0.6798017084598541,0.9025641025611534
train_00408,0.7,0.9995541632175445,0.5505494505490802
train_00409,0.5643885644892657,0.6847425103187561,0.3498168498179501
train_00410,0.0030818445104716786,0.6906705021858215,0.6311355311345705
train_00411,0.7384816396326516,0.7059086263179779,0.7479853479835312
train_00412,0.019958810334659686,0.7172027647495269,0.5487179487175918
train_00413,0.4564334271762703,0.6853795349597931,0.46886446886469696
train_00414,0.013366205847261559,0.6847774088382721,0.5271062271060285
train_00415,0.11157490994583419,0.6949021875858307,0.7468864468846382
train_00416,0.035320005952751206,0.9532232761383056,0.32637362637489836
train_00417,0.9941783653262691,0.6867705702781677,0.7212454212438004
train_00418,0.9732718088469233,0.6774898588657379,0.6102564102556025
train_00419,0.9354810527594153,0.9988961577415466,0.7985347985326114
train_00420,0.13231745404687004,0.9975072503089905,0.6172161172152585
train_00421,0.34726357745643505,0.7134998738765717,0.2941391941407023
train_00422,0.1626848010556834,0.6818561136722565,0.4813186813188182
train_00423,0.003272187437912799,0.6426429212093353,0.45604395604427805
train_00424,0.39940914181305054,0.6960542261600494,0.5084249084248467
train_00425,0.12883993720054857,0.6833610177040099,0.7802197802177273
train_00426,0.11997968714121125,0.6760833859443665,0.49633699633702316
train_00427,0.022543754403413958,0.7496534645557403,0.3952380952388627
train_00428,0.4491680223450299,0.7125764667987824,0.3223443223456238
train_00429,0.9190029807465236,0.9988961577415466,0.8040293040270767
train_00430,0.2826159849407068,0.690108448266983,0.14432234432494997
train_00431,0.02226497427579138,0.6932924211025238,0.4593406593409572
train_00432,0.679141629238162,0.8351058065891266,0.7450549450531498
train_00433,0.38381377134463524,0.6847073972225188,0.5153846153845026
train_00434,0.3739562263430027,0.6878008127212525,0.46923076923099466
train_00435,0.7502350872321296,0.9938894748687744,0.6908424908410927
train_00436,0.0014841460401024784,0.7728021264076232,0.16043956044204802
train_00437,0.08166134635249424,0.7032938122749328,0.48791208791217644
train_00438,0.027951446688091464,0.7058284103870391,0.2520146520164687
train_00439,0.28585787221363235,0.9751672327518462,0.6439560439549893
train_00440,0.11218019735051761,0.7072854816913605,0.2747252747269251
train_00441,0.2778709282408397,0.6918883979320526,0.5677655677650713
train_00442,0.03135796002857705,0.7876489043235779,0.1930402930425418
train_00443,0.0008891059331451525,0.7327374517917633,0.5835164835158717
train_00444,0.1987995522307564,0.7459445714950561,0.5106227106226328
train_00445,0.4384187161532498,0.6931247174739837,0.476923076923246
train_00446,0.8181396682062463,0.6754440724849701,0.4934065934066417
train_00447,0.029875360737558518,0.9992384374141693,0.5036630036629768
train_00448,0.025583708331039866,0.6864941477775574,0.668498168496934
train_00449,0.8621635483000234,0.7102470457553863,0.40439560439630473
train_00450,0.03334820173127698,0.7875816404819489,0.5501831501827825
train_00451,0.016176684840341404,0.6840983986854553,0.3029304029318467
train_00452,0.23823102755416195,0.8032510519027709,0.5758241758236204
train_00453,0.7209731157754051,0.8002905905246734,0.3340659340671497
train_00454,0.36783409086601154,0.6949899017810821,0.6249084249075099
train_00455,0.258246121276958,0.8701201438903808,0.15164835165090362
train_00456,0.604831811828102,0.7223485291004181,0.727472527470861
train_00457,0.20325420470905656,0.7180472195148468,0.3897435897443975
train_00458,0.5532168344189936,0.6887493193149566,0.607326007325221
train_00459,0.9290243934390028,0.6313371002674102,0.5512820512816756
train_00460,0.09428025107568445,0.6946121394634246,0.7410256410238754
train_00461,0.8159072158328669,0.6911604583263398,0.7256410256393726
train_00462,0.48340053214702217,0.7005628585815429,0.21245421245631899
train_00463,0.014070414331279424,0.66750168800354,0.5018315018314884
train_00464,0.7379598741247992,0.7075935542583465,0.42454212454267737
train_00465,0.00022051742012108022,0.974981939792633,0.18168498168731365
train_00466,0.04036215177067715,0.9532232761383056,0.3102564102578003
train_00467,0.20731032119975212,0.9580753445625305,0.59010989010923
train_00468,0.17184322698131793,0.6780118286609649,0.36593406593504807
train_00469,0.015163832141249549,0.6714143753051758,0.5619047619043085
train_00470,0.9921831644056202,0.6892291843891143,0.7267399267382657
train_00471,0.14147383941578962,0.6903871119022369,0.2681318681335668
train_00472,0.02053017774339022,0.6965760409832,0.3677655677665365
train_00473,0.0071516638458223964,0.976875740289688,0.24798534798719427
train_00474,0.024570318181684092,0.6792771339416503,0.4641025641028271
train_00475,0.3566717072317491,0.6959953844547271,0.4809523809525205
train_00476,0.013322503946557894,0.9995807766914367,0.2739926739943297
train_00477,0.33620341777348484,0.9991137146949768,0.6117216117207933
train_00478,0.21713968788989121,0.6845798671245575,0.8802197802169947
train_00479,0.18113731241104528,0.7907591223716736,0.5326007326004938
train_00480,0.18995272016694742,0.7408404529094696,0.24285714285902665
train_00481,0.85606724862876,0.7013676106929778,0.513919413919312
train_00482,0.21171107824513524,0.7060334742069244,0.46373626373652943
train_00483,0.6840847194989068,0.6661755621433259,0.7992673992652068
train_00484,0.2959810133527908,0.6823027074337005,0.22637362637563094
train_00485,0.009603732847550601,0.7120942056179047,0.5238095238093494
train_00486,0.0004259865161463372,0.8838320374488831,0.19010989011216034
train_00487,0.9404330393141398,0.7214323997497558,0.0890109890139999
train_00488,0.019085814421542575,0.685573548078537,0.47326007326026914
train_00489,0.019533142030283147,0.9833113551139832,0.6897435897421997
train_00490,0.023771618209595707,0.7078909337520599,0.8249084249060447
train_00491,0.01290024670173454,0.6341374278068542,0.8963369963340928
train_00492,0.045432907787193756,0.7234721481800079,0.23369963370158459
train_00493,0.49279934527414004,0.6961559772491455,0.4311355311360356
train_00494,0.8236814289713627,0.695842558145523,0.4490842490846221
train_00495,0.04282364849678433,0.9899677693843841,0.1648351648376202
train_00496,0.07938563945189558,0.7294913947582244,0.35384615384722456
train_00497,0.19115077520588908,0.9892060399055481,0.27472527472692504
train_00498,0.05848135117718452,0.6966410160064698,0.5102564102563352
train_00499,0.5426655055252606,0.68395237326622,0.36080586080688054
train_00500,0.03947778786793665,0.700702565908432,0.2483516483534919
train_00501,0.6956896489389339,0.7061892569065094,0.6791208791195669
train_00502,0.07261355853567562,0.9977816998958587,0.8351648351623797
train_00503,0.21158877377205354,0.6963766694068909,0.6787545787532692
train_00504,0.004547600193936299,0.8005394279956817,0.45238095238130127
train_00505,0.6221630369471193,0.6937332272529602,0.32014652014783773
train_00506,0.38198937658024035,0.7067129731178283,0.5032967032966791
train_00507,0.970995566642098,0.7485574662685395,0.5498168498164848
train_00508,0.019797099481344838,0.9859382569789886,0.26373626373799464
train_00509,0.9945051129668258,0.7797500193119049,0.39084249084329054
train_00510,0.38924537026234074,0.7311689972877502,0.506959706959656
train_00511,0.03972721409141768,0.693980473279953,0.6633699633687665
train_00512,0.7330377876669241,0.671695476770401,0.5776556776551087
train_00513,0.053023942186372144,0.703264445066452,0.3054945054959304
train_00514,0.01231408441429993,0.6506956994533539,0.8084249084226489
train_00515,0.5848082669285792,0.696629786491394,0.9329670329638611
train_00516,0.051819020388713,0.7722618758678437,0.7710622710602852
train_00517,0.011612082628783243,0.6748901307582855,0.8293040293016168
train_00518,0.7552168676903153,0.696503221988678,0.137362637365294
train_00519,0.9645264075435958,0.6803465068340302,0.4153846153852353
train_00520,0.933624298854175,0.6918009459972381,0.2791208791224973
train_00521,0.058950837855813114,0.7897559106349945,0.5575091575087362
train_00522,0.0830633582272875,0.6921651840209961,0.16849816850059707
train_00523,0.4557801280471667,0.6759732007980346,0.4747252747254599
train_00524,0.9593900920953703,0.6930863499641418,0.28278388278547406
train_00525,0.9352632763758197,0.7062987387180328,0.31575091575226555
train_00526,0.01160643202567992,0.6992705047130585,0.21318681318891436
train_00527,0.04062159939595664,0.6766667306423186,0.757509157507271
train_00528,0.005534800779517886,0.6727830946445466,0.7036630036615117
train_00529,0.8719163237014206,0.7214323997497558,0.10622710622999099
train_00530,0.05249650021094532,0.6982764661312103,0.280586080587688
train_00531,0.6093178099845074,0.706170243024826,0.6934065934051765
train_00532,0.9491022909292021,0.7095254182815551,0.4505494505498128
train_00533,0.016368673516682364,0.7013854026794433,0.24395604395791975
train_00534,0.41118132397504426,0.7153343677520752,0.13992673992937776
train_00535,0.08313252897309988,0.6793256580829621,0.5267399267397308
train_00536,0.02257581341600631,0.7020797371864318,0.2743589743606274
train_00537,0.026614964918878506,0.6401016056537627,0.5333333333330892
train_00538,0.004282082769059496,0.6998277723789215,0.5915750915744207
train_00539,0.07144379259668035,0.7490624010562896,0.3014652014666559
train_00540,0.764434958197374,0.6815349280834198,0.7102564102548699
train_00541,0.5291586483658974,0.6811677634716033,0.45641025641057575
train_00542,0.005962426817803568,0.6543201565742492,0.29047619047772544
train_00543,0.010152979774882609,0.664103901386261,0.416849816850426
train_00544,0.3563870397151638,0.693980473279953,0.7959706959685278
train_00545,0.1188923058011137,0.6542913138866424,0.7161172161156328
train_00546,0.06703945685521247,0.6941577553749084,0.7758241758221551
train_00547,0.2014231402285418,0.6811949789524079,0.5652014652009876
train_00548,0.9765101422043938,0.719493955373764,0.5410256410253405
train_00549,0.9938307192200272,0.6986757099628449,0.8468864468839057
train_00550,0.32637630788630245,0.6476657569408417,0.5677655677650713
train_00551,0.4303531425663343,0.9637258589267731,0.23736263736456145
train_00552,0.008814265282271272,0.8364015519618988,0.5941391941385045
train_00553,0.8722039121306715,0.7119052410125732,0.6776556776543762
train_00554,0.026577381189444083,0.6737595558166504,0.44615384615424064
train_00555,0.09005878034391304,0.6950882494449615,0.46739926739950627
train_00556,0.001519589462904869,0.6710675299167632,0.2798534798550926
train_00557,0.9018860120578188,0.7069580733776093,0.32857142857268445
train_00558,0.1955965550275503,0.6927134037017821,0.5296703296701124
train_00559,0.17555655721991725,0.707102084159851,0.25860805860982705
train_00560,0.17454563116603103,0.6911019742488861,0.5842490842484671
train_00561,0.04014955925607565,0.6728987753391266,0.6739926739913993
train_00562,0.2663471582376527,0.6441002368927002,0.4652014652017202
train_00563,0.1574397380313719,0.6704607367515564,0.37985347985436
train_00564,0.05449765796967154,0.6877763748168946,0.16043956044204805
train_00565,0.040767690530567835,0.6982764661312103,0.07802197802506938
train_00566,0.6386117867991388,0.6945292890071868,0.5326007326004938
train_00567,0.39256838772661895,0.6950055420398712,0.42051282051340283
train_00568,0.8815657681415918,0.684353131055832,0.7890109890088717
train_00569,0.925333468149531,0.6577481925487518,0.5597069597065223
train_00570,0.037283825394804015,0.6712549388408661,0.33589743589863813
train_00571,0.20078168512423522,0.6767269194126129,0.6238095238086168
train_00572,0.017905019605453543,0.648570305109024,0.43882783882828696
train_00573,0.48946887907053876,0.6986158907413482,0.600366300365565
train_00574,0.04586741608181932,0.7010659396648407,0.08351648351953465
train_00575,0.44897044979302436,0.694866520166397,0.8461538461513103
train_00576,0.35698834127282786,0.6954983353614808,0.7029304029289163
train_00577,5.3340049009920065e-05,0.698709499835968,0.3249084249097076
train_00578,0.004188399321288894,0.6737277448177337,0.4809523809525205
train_00579,0.0068566735938450606,0.6950673103332519,0.4520146520150035
train_00580,0.7596894745733676,0.9829047381877899,0.7267399267382657
train_00581,0.6487250425536443,0.9577121257781982,0.5168498168496934
train_00582,0.8519068089918096,0.6907798409461975,0.5567765567761409
train_00583,0.18606634550675774,0.7129273116588593,0.6406593406583102
train_00584,0.5318053163391165,0.6882870256900787,0.23882783882975217
train_00585,0.1596739723984021,0.6856527209281922,0.5435897435894242
train_00586,0.6520271128127486,0.6837619364261627,0.5641025641020945
train_00587,0.6773890807069235,0.6968007683753967,0.4344322344327148
train_00588,0.004854668518208952,0.681655079126358,0.6421245421235009
train_00589,0.9461007747649053,0.9622018873691559,0.37728937729027623
train_00590,0.6749417424701833,0.7240129888057709,0.21978021978227263
train_00591,0.9954958198936912,0.6954557180404664,0.8509157509131802
train_00592,0.09090112138683082,0.800531929731369,0.4443223443227522
train_00593,0.9136060201317052,0.7237385988235474,0.30366300366444204
train_00594,0.07125671258808317,0.6857499301433563,0.29047619047772544
train_00595,0.5437474592082537,0.6845295906066895,0.4780219780221391
train_00596,0.043120928771500644,0.6880970299243927,0.2765567765584135
train_00597,0.7,0.9995541632175445,0.5326007326004938
train_00598,0.11129581918561186,0.7010848581790924,0.2362637362656684
train_00599,0.0001348143504426675,0.7005191326141358,0.7630036630017363
train_00600,0.08394664696820686,0.7117730736732483,0.4970695970696185
train_00601,0.26379611400527303,0.717068189382553,0.250549450551278
train_00602,0.04124597160765423,0.6916424274444579,0.303663003664442
train_00603,0.0363238786364973,0.6925009310245513,0.7992673992652068
train_00604,0.021104846344113293,0.6912493407726288,0.7904761904740625
train_00605,0.6106281824275909,0.9933544337749481,0.4556776556779804
train_00606,0.3196417948081267,0.6903456747531891,0.33333333333455434
train_00607,0.03243896681314744,0.6839567422866821,0.25604395604574326
train_00608,0.02926153591789984,0.9941381454467774,0.6978021978007487
train_00609,0.11445103417424371,0.698176383972168,0.9153846153815723
train_00610,0.588559672789051,0.8059842050075531,0.4190476190482121
train_00611,0.03945194507303984,0.6712363302707671,0.7051282051267024
train_00612,0.059915628376952204,0.6665350437164306,0.7373626373608984
train_00613,0.7277332000745846,0.7091535747051239,0.26080586080761314
train_00614,0.02129871616629591,0.723296308517456,0.43076923076973794
train_00615,0.005309572944528615,0.6765605390071869,0.6688644688632317
train_00616,0.8034858784681659,0.7021661698818207,0.19487179487403025
train_00617,0.009228319824465406,0.7050266861915588,0.5868131868125508
train_00618,0.02120568360114181,0.7029077410697937,0.8051282051259698
train_00619,0.13040672125231337,0.6880899131298065,0.015750915754463315
train_00620,0.8428356700087946,0.6949899017810821,0.7109890109874653
train_00621,0.9465154948923344,0.695988231897354,0.7611721611702478
train_00622,0.0926056682167409,0.6957298576831817,0.7501831501813174
train_00623,0.41122122140687156,0.7025685727596283,0.3619047619057736
train_00624,0.0005504939965203939,0.9784945130348205,0.5644688644683922
train_00625,0.6741298229681086,0.6867846190929412,0.7150183150167397
train_00626,0.1598654061328988,0.6856157004833221,0.39706959707035117
train_00627,0.7794566054568474,0.6498264789581298,0.5216117216115632
train_00628,0.05136643198837432,0.6775444388389587,0.461904761905041
train_00629,0.034866719011215325,0.7036745727062226,0.3296703296715775
train_00630,0.0038030291436112187,0.6798523843288422,0.6234432234423191
train_00631,0.10874881138454423,0.7907591223716736,0.536996336996066
train_00632,0.10389325196726439,0.7027682483196258,0.09560439560735817
train_00633,0.4756390816358447,0.7179141461849212,0.3443223443234848
train_00634,0.05018558323278188,0.6993069469928741,0.5040293040292745
train_00635,0.3151507067175681,0.9942255675792694,0.34175824175940106
train_00636,0.07249360647685121,0.9898544669151306,0.26043956044131544
train_00637,0.1931414279060918,0.6980249881744385,0.6117216117207933
train_00638,0.2822438939546615,0.6648444831371307,0.7520146520128057
train_00639,0.38148154258582273,0.6774618685245514,0.42747252747305886
train_00640,0.00016462364679900452,0.7797500193119049,0.46996336996359
train_00641,0.4916712685415682,0.6814543187618256,0.49450549450553477
train_00642,0.0010576112231630574,0.6550351560115815,0.803663003660779
train_00643,0.04013144119291848,0.6910187304019928,0.5260073260071354
train_00644,0.006008075919118325,0.9503949046134949,0.4263736263741657
train_00645,0.017578247746464742,0.6393334925174713,0.7274725274708611
train_00646,0.014100525127497389,0.9538354098796844,0.6175824175815562
train_00647,0.4300530650199149,0.7017992079257964,0.5926739926733138
train_00648,0.418861763024607,0.7131700038909912,0.30073260073406055
train_00649,0.014409362546980196,0.6988099575042724,0.17216117216357385
train_00650,0.013001978158829296,0.7653322756290435,0.7073260073244885
train_00651,0.7962167666798312,0.8271309077739715,0.1930402930425418
train_00652,0.28928418573596426,0.6976857244968414,0.6695970695958271
train_00653,0.22303860925663688,0.6181166529655456,0.9633699633665688
train_00654,0.007903816245746022,0.6854201257228851,0.27142857143024596
train_00655,0.013260247638825478,0.6637276887893677,0.8172161172137933
train_00656,0.8144737327598246,0.6601783633232117,0.29047619047772544
train_00657,0.3433773337949798,0.9991137146949768,0.6417582417572032
train_00658,0.3455521133921823,0.6864649832248688,0.4102564102570677
train_00659,0.060373970162964086,0.6972152173519135,0.7937728937707416
train_00660,0.10790214574405377,0.6674168765544891,0.508058608058549
train_00661,0.32074337490081106,0.6558083713054657,0.38754578754661134
train_00662,0.07353765710933831,0.6794580399990082,0.886813186810353
train_00663,0.43786957248305874,0.6670736849308014,0.4043956043963048
train_00664,0.40171538883091173,0.9948396742343902,0.46593406593431547
train_00665,0.3321915145568015,0.7061271250247956,0.5699633699628573
train_00666,0.3890906645140195,0.9982143104076385,0.29377289377440463
train_00667,0.004224548458043431,0.6922829568386077,0.3794871794880623
train_00668,0.3497948946274556,0.7208002984523774,0.28534798534955785
train_00669,0.059512921297579874,0.6734431862831116,0.5706959706954527
train_00670,0.012275415960009362,0.9950731754302978,0.4146520146526399
train_00671,0.025118786237172896,0.979162973165512,0.42014652014710513
train_00672,0.04596193084687371,0.7090805470943451,0.476923076923246
train_00673,0.41627900155419467,0.9942255675792694,0.34322344322459175
train_00674,0.16722087335808153,0.7062949776649474,0.636263736262738
train_00675,0.8357729751775965,0.7048095762729645,0.6388278388268218
train_00676,0.5432026255459114,0.7100062787532806,0.7230769230752889
train_00677,0.1299090459435473,0.8095682442188263,0.19487179487403022
train_00678,0.0025432155765040543,0.7131700038909912,0.41391941392004455
train_00679,0.11903468724511598,0.7160618245601653,0.416849816850426
train_00680,0.0429479652380231,0.7469637513160705,0.5296703296701123
train_00681,0.37456222711193843,0.6950874984264374,0.3076923076937165
train_00682,0.00135105725135259,0.6900311172008514,0.5267399267397308
train_00683,0.22754004713256398,0.6677088677883147,0.8956043956014974
train_00684,0.01365992131650473,0.6942230880260467,0.37875457875546703
train_00685,0.611694874434296,0.9944952964782715,0.5553113553109501
train_00686,0.00022736524266775415,0.795994657278061,0.33369963370085204
train_00687,0.04982493403896163,0.7817133843898774,0.29597069597219067
train_00688,0.00157389910891068,0.6662006735801697,0.6417582417572032
train_00689,0.042629855621845736,0.6457310259342193,0.3047619047633351
train_00690,0.08854645551987872,0.6950563907623291,0.5032967032966792
train_00691,0.030578879532112246,0.7006968975067138,0.2970695970710837
train_00692,0.8470943739602861,0.9910291373729706,0.17912087912322985
train_00693,0.043528482762993564,0.6724497497081756,0.8282051282027239
train_00694,0.20536030273626463,0.7013557374477386,0.3366300366312335
train_00695,0.006343399547096017,0.7155519425868988,0.4340659340664171
train_00696,0.1471701701050556,0.6996594667434692,0.5692307692302621
train_00697,0.0008654951304514973,0.6861546099185943,0.8366300366275705
train_00698,0.014399346059417839,0.7370137572288513,0.29890109890257216
train_00699,0.022767486792189318,0.9950333297252655,0.5523809523805687
train_00700,0.0681530795609353,0.7053488433361053,0.3098901098915026
train_00701,0.04678604032576297,0.7113862931728363,0.8681318681291712
train_00702,0.2207938015918367,0.7009889125823974,0.5575091575087362
train_00703,0.7830051207252404,0.6654569149017333,0.6725274725262086
train_00704,0.007795600026131444,0.6928977549076081,0.5838827838821694
train_00705,0.41158396757976434,0.7102129459381104,0.5197802197800749
train_00706,0.7907847580682072,0.684237003326416,0.5999999999992675
train_00707,0.020271413014267308,0.6691574692726134,0.7128205128189538
train_00708,0.048471875483433235,0.6908003032207488,0.16153846154094106
train_00709,0.8517890906359681,0.6936244070529938,0.7652014651995224
train_00710,0.03253843075723648,0.7084014892578125,0.531135531135303
train_00711,0.8069491413977617,0.6953321397304535,0.5919413919407184
train_00712,0.14845400806051345,0.9947198569774628,0.4670329670332085
train_00713,0.042672756827267455,0.6820969045162201,0.7322344322327309
train_00714,0.6605342867522654,0.6687213897705078,0.4377289377293939
train_00715,0.08870715344903192,0.8278623044490814,0.6194139194130446
train_00716,0.3398636054847066,0.7017992079257964,0.5860805860799555
train_00717,0.9656780368086633,0.695074862241745,0.7260073260056703
train_00718,0.9343508103669629,0.691168874502182,0.7597069597050571
train_00719,0.0636019207030809,0.67223761677742,0.45347985348019426
train_00720,0.03620996969361538,0.7171267151832581,0.44798534798572903
train_00721,0.10534589752034344,0.7105065047740936,0.6498168498157523
train_00722,0.0017890572641541206,0.6842735230922699,0.7578754578735687
train_00723,0.05626131780185055,0.7104164779186248,0.30109890110035825
train_00724,0.0010993416317438792,0.6662592053413391,0.4956043956044278
train_00725,0.8422480425700651,0.6894521832466125,0.6179487179478539
train_00726,0.17292072148343,0.6574379920959472,0.7300366300349448
train_00727,0.03969238808336815,0.692956417798996,0.712454212452656
train_00728,0.6953807360832952,0.7071018457412719,0.3527472527483315
train_00729,0.22738944827672958,0.6426322937011719,0.8358974358949751
train_00730,0.06225234058476501,0.741038554906845,0.8084249084226489
train_00731,0.053605338847700884,0.9950336456298828,0.4443223443227522
train_00732,0.3785297821538296,0.6963525295257569,0.35531135531241526
train_00733,0.6638622264148418,0.701743882894516,0.8688644688617666
train_00734,0.6521372857305557,0.7067474842071533,0.2197802197822727
train_00735,0.05918353387605731,0.7637267291545868,0.4109890109896631
train_00736,0.06443514166646074,0.7637267291545868,0.3945054945062674
train_00737,0.11228275891319078,0.6248172521591187,0.7798534798514296
train_00738,0.055464669826182256,0.7060871303081513,0.5567765567761408
train_00739,0.9718877190383238,0.6485238790512085,0.7838827838807042
train_00740,0.290240525918514,0.67454936504364,0.9102564102534048
train_00741,0.22534990747096864,0.7088157176971435,0.4073260073266862
train_00742,0.25324938483751136,0.6881908595561981,0.5882783882777416
train_00743,0.11278379176476988,0.666808122396469,0.673260073258804
train_00744,0.26015044463098247,0.7134998738765717,0.2567765567783386
train_00745,0.9727692748554793,0.6593640625476838,0.26190476190650613
train_00746,0.44607148390410495,0.7207530081272124,0.2417582417601336
train_00747,0.20990365985229487,0.6671049773693085,0.35567765567871296
train_00748,0.14970017679599112,0.6336986541748046,0.6882783882770089
train_00749,0.11618178354596286,0.7011096417903899,0.6186813186804492
train_00750,0.5007767713972544,0.6879353582859039,0.3435897435908894
train_00751,0.2554719396423737,0.6827091574668884,0.28205128205287877
train_00752,0.7925435060380461,0.6806502521038056,0.7384615384597915
train_00753,0.0004406139590216333,0.9735556304454803,0.4959706959707255
train_00754,0.08522355649526003,0.8271309077739715,0.2787545787561996
train_00755,0.5458209463041226,0.6632327735424042,0.8761904761877202
train_00756,0.13028919584263532,0.6782228410243988,0.49450549450553477
train_00757,0.21403888929391368,0.6892434775829315,0.5095238095237398
train_00758,0.5422510948591266,0.9968246579170227,0.8025641025618859
train_00759,0.013984478068956219,0.8032510519027709,0.713553113551549
train_00760,0.0017445295266048085,0.6934143483638764,0.5304029304027076
train_00761,0.9042642436708511,0.7484179139137268,0.6245421245412122
train_00762,0.059034104666631615,0.6366662919521331,0.733333333331624
train_00763,0.9988679645316606,0.6699691236019134,0.6597069597057897
train_00764,0.9578989701533632,0.657349455356598,0.3853479853488253
train_00765,0.14830288276801795,0.6652053415775299,0.42087912087970053
train_00766,0.006314417427301939,0.6425374925136567,0.6747252747239947
train_00767,0.006711229449798184,0.6569840967655182,0.6699633699621248
train_00768,0.0009324999984022621,0.6875071942806243,0.5728937728932388
train_00769,0.025825829752240455,0.7219893634319305,0.49706959706961856
train_00770,0.8794445993792367,0.998548424243927,0.5109890109889305
train_00771,5.68726137869513e-05,0.7963163793087005,0.4816849816851158
train_00772,0.9244386493505209,0.6365878283977509,0.88095238094959
train_00773,0.2230837310645207,0.740331369638443,0.041025641029003426
train_00774,0.07885863991034692,0.6704680621623993,0.4967032967033208
train_00775,0.05367731103272484,0.701050055027008,0.6641025641013618
train_00776,0.012659007268353475,0.7126362919807434,0.45201465201500357
train_00777,0.563360374422939,0.7730587422847748,0.09340659340957207
train_00778,0.012807671759545208,0.7490624010562896,0.38901098901180214
train_00779,3.077339655394076e-06,0.750767570734024,0.686080586079223
train_00780,0.035383336139210186,0.7035729944705963,0.40439560439630484
train_00781,0.001330064510981055,0.795994657278061,0.37655677655768094
train_00782,0.5085918500002099,0.9922579765319824,0.43076923076973794
train_00783,0.8090358616187616,0.6705252349376678,0.39706959707035117
train_00784,0.9762319599631419,0.9833113551139832,0.6421245421235009
train_00785,0.0965341289944972,0.6859879434108733,0.3553113553124153
train_00786,0.036119799186966124,0.706685984134674,0.48791208791217644
train_00787,0.010941700103803555,0.6896462380886077,0.27289377289543665
train_00788,0.7759720701065496,0.7172900795936584,0.597069597068886
train_00789,0.26215068645901135,0.7439847230911254,0.235531135533073
train_00790,0.06546305723780624,0.6918069064617156,0.8893772893744368
train_00791,0.01189225382786252,0.7438097357749939,0.3300366300378752
train_00792,0.09144122919718622,0.7992442488670348,0.4369963369967986
train_00793,0.11761084271192683,0.8120449960231781,0.37545787545878784
train_00794,0.9839396194277592,0.6850729942321777,0.8417582417557381
train_00795,0.9864340894016949,0.7233376324176788,0.3534798534809269
train_00796,0.663954738557122,0.7009233891963959,0.3974358974366488
train_00797,0.14493252524761355,0.7147655546665191,0.6322344322334635
train_00798,0.08623066060157732,0.9798929393291473,0.6619047619035758
train_00799,0.9877887575081262,0.6854245722293854,0.2465201465220035
train_00800,0.5938596224302075,0.6882439613342285,0.6684981684969341
train_00801,0.7235857509172803,0.8230050742626189,0.5091575091574421
train_00802,0.005061007387916685,0.6982108056545258,0.4000000000007326
train_00803,0.35416131335953993,0.7492968499660492,0.48901098901106954
train_00804,0.009228613234838551,0.6789418637752533,0.6095238095230071
train_00805,0.2861285820695423,0.737204623222351,0.15750915751166655
train_00806,0.0156517079658992,0.6797222733497619,0.597069597068886
train_00807,0.1991236583455328,0.7011460661888123,0.2520146520164687
train_00808,0.42345621732074284,0.7182124555110931,0.5117216117215259
train_00809,0.5558347096860005,0.6880482673645019,0.8135531135508165
train_00810,0.13879626154758945,0.6779080331325531,0.8058608058585652
train_00811,0.5165406789768292,0.986850792169571,0.12490842491117281
train_00812,0.010967343558386588,0.9620436370372772,0.743589743587959
train_00813,0.007536179318926806,0.7102129459381104,0.11428571428854
train_00814,0.5736577056412938,0.6916029632091523,0.4421245421249661
train_00815,0.07084798466251085,0.7113930583000183,0.6230769230760215
train_00816,0.7227649594497791,0.7025622487068176,0.4582417582420642
train_00817,0.019382070989443136,0.6691574692726134,0.5879120879114439
train_00818,0.11582413697455096,0.6878982484340668,0.5025641025640838
train_00819,0.3398930072297875,0.7096498906612396,0.5926739926733138
train_00820,0.1595571243916587,0.7671271979808807,0.49597069597072546
train_00821,0.00837599525810595,0.9950207829475403,0.5106227106226329
train_00822,0.19039259810190653,0.6970593154430389,0.8318681318657006
train_00823,0.4112523241934716,0.7624975860118866,0.35641025641130836
train_00824,0.8287965945951248,0.6792300403118133,0.8864468864440553
train_00825,0.9315428487098374,0.6755195140838623,0.5937728937722068
train_00826,0.01822616151455625,0.839669942855835,0.22417582417784485
train_00827,0.3731803558067305,0.6804313719272613,0.7904761904740625
train_00828,0.43519576227970547,0.6996597111225128,0.4161172161178306
train_00829,0.14977376697292558,0.6947212398052216,0.720512820511205
train_00830,0.5130411926398402,0.6905587673187256,0.6391941391931195
train_00831,0.9174703005564351,0.7057352185249328,0.7362637362620055
train_00832,0.5341036372696991,0.7717115640640259,0.5329670329667915
train_00833,0.03193218257943443,0.6761367738246917,0.5450549450546149
train_00834,0.26535409123387227,0.6863723754882812,0.6212454212445331
train_00835,0.9241233350284213,0.6558169662952422,0.6875457875444135
train_00836,0.9439596480149401,0.6858767032623291,0.39047619047699283
train_00837,0.13407847401741146,0.7051599502563477,0.5373626373623637
train_00838,0.0017022896870925966,0.6798523843288422,0.6435897435886917
train_00839,0.4197973764355446,0.6768987953662873,0.6860805860792228
train_00840,0.0989692514767891,0.6659809708595276,0.8109890109867327
train_00841,0.5381610220631432,0.6913079679012298,0.5285714285712193
train_00842,0.3507083436315097,0.706685984134674,0.11172161172445624
train_00843,0.6147324706788667,0.6397034049034118,0.8633699633673013
train_00844,0.8395649570246564,0.6952812314033507,0.6014652014644581
train_00845,0.9264793781278943,0.6779522538185119,0.4252747252752727
train_00846,0.007524308082521469,0.6663629829883575,0.5032967032966792
train_00847,0.44597131627341213,0.6903881967067718,0.39926739926813726
train_00848,0.37584577733286395,0.7599292695522308,0.44578754578794294
train_00849,0.8637902433971805,0.6395115494728087,0.9772893772858806
train_00850,0.04652998443962631,0.743988573551178,0.356776556777606
train_00851,0.8665438522040204,0.682438200712204,0.786446886444788
train_00852,0.23728923036092356,0.6843640267848968,0.6520146520135384
train_00853,0.9599299538958475,0.6882735431194305,0.42930402930454725
train_00854,0.21872858094619416,0.6925372660160065,0.494139194139237
train_00855,0.7980569909238212,0.7671271979808807,0.4992673992674046
train_00856,0.02230421715976989,0.6678808629512787,0.5315018315016007
train_00857,0.9049491035875552,0.7012583196163178,0.48021978021992506
train_00858,0.25605792839261465,0.7190184533596038,0.39670329670405347
train_00859,0.030984273771650472,0.6779529690742492,0.6183150183141515
train_00860,0.0024302361641970324,0.9784945130348205,0.4978021978022139
train_00861,0.8059088769720428,0.6852661490440368,0.5164835164833956
train_00862,0.5814890797646535,0.9599628865718841,0.6520146520135384
train_00863,0.10226591133315166,0.6869198501110076,0.8183150183126864
train_00864,0.23576608241347263,0.6864276587963104,0.5106227106226328
train_00865,0.3340911719910765,0.686432272195816,0.5329670329667915
train_00866,0.38754035901651385,0.7681146085262298,0.11282051282334929
train_00867,0.5850620052193497,0.999095743894577,0.39084249084329054
train_00868,0.019813402497215384,0.7043686926364898,0.508058608058549
train_00869,0.002393653610784585,0.8211463391780853,0.06776556776873428
train_00870,0.27031805296856815,0.6793844521045684,0.5267399267397308
train_00871,0.0007742225247278618,0.6976738095283508,0.34102564102680566
train_00872,0.6422611986525875,0.6326540172100067,0.876556776554018
train_00873,0.3068328075242713,0.8120449960231781,0.30549450549593044
train_00874,0.19439799119382717,0.6828626036643981,0.651282051280943
train_00875,0.04804376143690625,0.6965561807155609,0.6113553113544956
train_00876,0.4259238064857591,0.7186159551143646,0.5732600732595365
train_00877,0.2776301363384999,0.6965494096279143,0.5879120879114439
train_00878,0.21846609933814864,0.9943627059459687,0.797802197800016
train_00879,0.921114987107092,0.7167260348796844,0.3402930402942103
train_00880,0.006740473631185999,0.6918079376220703,0.6695970695958271
train_00881,0.21796667511469103,0.9949342250823975,0.517216117215991
train_00882,0.48583035550535614,0.682438200712204,0.5619047619043084
train_00883,0.08496136106342467,0.7469637513160705,0.5040293040292745
train_00884,0.0008546423766126508,0.6734210491180419,0.8168498168474956
train_00885,0.03667397884288667,0.7128876149654388,0.47802197802213897
train_00886,0.2203565957802279,0.720443844795227,0.8315018314994029
train_00887,0.8165807260706673,0.6762354075908661,0.7556776556757827
train_00888,0.008501400507967178,0.691948413848877,0.6626373626361712
train_00889,0.07709708041142711,0.707102084159851,0.16886446886689474
train_00890,0.21770684082674233,0.6991688668727875,0.22014652014857033
train_00891,0.19578251228438237,0.6936165511608123,0.6446886446875847
train_00892,0.865112576891711,0.6874667465686798,0.3531135531146292
train_00893,0.1051997244173487,0.6856444835662842,0.6428571428560963
train_00894,0.008645926790285864,0.6949021875858307,0.7260073260056703
train_00895,0.8374572249109764,0.7202080905437469,0.7216117216100981
train_00896,0.47107351324464813,0.9848341166973114,0.3827838827847415
train_00897,0.02276108753600862,0.8567626059055329,0.6527472527461338
train_00898,0.4169369225492784,0.6964798510074615,0.4128205128211515
train_00899,0.03000924135679586,0.7548244655132293,0.3150183150196702
train_00900,0.06137429994973584,0.7292615950107575,0.2721611721628413
train_00901,0.0003501249920968939,0.6765482187271118,0.9102564102534048
train_00902,0.956251100200371,0.6845809996128083,0.23663003663196602
train_00903,0.03348753033005329,0.7016537010669708,0.6714285714273156
train_00904,0.08012985288771411,0.6586368203163147,0.5879120879114439
train_00905,0.9308583935590883,0.6449012875556945,0.2948717948732976
train_00906,0.11948883143549094,0.7052722752094269,0.5498168498164848
train_00907,0.003972062647576205,0.9735556304454803,0.42930402930454725
train_00908,0.7101866953734466,0.6715725362300873,0.649084249083157
train_00909,0.0003305220397924469,0.9634069561958313,0.1714285714309785
train_00910,0.02951223492950186,0.641315221786499,0.4890109890110695
train_00911,0.43056729438594366,0.9605003416538238,0.3930402930410766
train_00912,0.7230588749722813,0.6661554515361785,0.8227106227082586
train_00913,0.031579324596727125,0.7675558388233185,0.20256410256628155
train_00914,0.14972294839430322,0.6659046232700347,0.4890109890110695
train_00915,0.06482194470801417,0.7484179139137268,0.5967032967025883
train_00916,0.3534904565207585,0.7134677588939666,0.32857142857268445
train_00917,0.07085272042795734,0.6973968029022217,0.36813186813283416
train_00918,0.08552746656598852,0.6930451333522796,0.3769230769239786
train_00919,0.9083439466162899,0.7043686926364898,0.513919413919312
train_00920,0.02125701650420139,0.6896058559417724,0.4439560439564545
train_00921,0.036386703373388674,0.6532129943370819,0.5908424908418253
train_00922,0.03280616659087088,0.6951737463474273,0.35384615384722456
train_00923,0.00014449666634785974,0.6873783528804779,0.40402930403000714
train_00924,0.3585798529618056,0.737204623222351,0.32051282051413543
train_00925,0.20980057118189271,0.6504043281078338,0.8875457875429484
train_00926,0.6409233196702966,0.6872224926948547,0.3919413919421836
train_00927,0.3104350760226599,0.7053458094596863,0.4926739926740463
train_00928,0.6140950472880233,0.7068551719188689,0.2677655677672691
train_00929,0.04680222292788849,0.6585931777954102,0.5783882783877041
train_00930,0.12066596152696062,0.739674299955368,0.4509157509161105
train_00931,0.0739298161397525,0.7172027647495269,0.37179487179581105
train_00932,0.25285566805380927,0.667009311914444,0.5534798534794616
train_00933,0.004297792472119072,0.7897559106349945,0.5351648351645776
train_00934,0.09108837393755545,0.6922047853469848,0.5769230769225133
train_00935,0.1255473595794166,0.6979387402534485,0.40256410256481634
train_00936,0.11772709364655515,0.7252470195293426,0.2706959706976505
train_00937,0.5465054290027889,0.9599628865718841,0.6347985347975472
train_00938,0.42730117283356395,0.6824425280094146,0.7399267399249823
train_00939,0.33198344468659996,0.7164553046226501,0.4684981684983993
train_00940,0.043186274630341914,0.704072219133377,0.3765567765576809
train_00941,0.005432916980186433,0.6851540088653565,0.720512820511205
train_00942,2.4483044137713073e-05,0.732387512922287,0.3677655677665365
train_00943,0.951573698488869,0.6860377490520477,0.6205128205119377
train_00944,0.01030074679499647,0.6867613852024078,0.3648351648361551
train_00945,0.13359805242261005,0.7011723220348358,0.8824175824147809
train_00946,0.21556624277819977,0.7567221105098725,0.3135531135544794
train_00947,0.7856464050398784,0.6993069469928741,0.2890109890125347
train_00948,0.010504657502481082,0.6724185645580292,0.5794871794865972
train_00949,0.16007550781752344,0.6973759591579437,0.5267399267397308
train_00950,0.031644574343839674,0.7731427669525146,0.189377289379565
train_00951,0.7743308200618706,0.6831979751586914,0.7919413919392533
train_00952,0.5330506968540687,0.708845466375351,0.4212454212459982
train_00953,0.08417526004369305,0.9580547034740448,0.6758241758228878
train_00954,0.18344182421803004,0.6885739862918854,0.5732600732595365
train_00955,0.17288350298551025,0.7235149800777435,0.25787545787723165
train_00956,0.22904733744941144,0.9848341166973114,0.4684981684983993
train_00957,0.07702791629349248,0.8199433863162995,0.5615384615380108
train_00958,0.8831002931180714,0.7116056084632874,0.5007326007325954
train_00959,0.005464654514375644,0.6761094689369201,0.6410256410246079
train_00960,0.3544625248535853,0.6806828141212463,0.6263736263727007
train_00961,0.17451614772017895,0.6751976013183594,0.21611721611929582
train_00962,0.3690635935016532,0.6596069157123565,0.7223443223426935
train_00963,0.8251658792180614,0.710692024230957,0.0695970696002227
train_00964,0.418012026585636,0.7385011315345764,0.21282051282261671
train_00965,0.6809112567059458,0.9997164070606231,0.36630036630134577
train_00966,0.055212748066351194,0.7005688309669494,0.38278388278474146
train_00967,0.6111188483623351,0.6571082770824432,0.6340659340649519
train_00968,0.48915603873063396,0.6975179135799408,0.5377289377286614
train_00969,0.6119183665986466,0.7222577691078186,0.6783882783869715
train_00970,0.04151275300118962,0.6953725814819336,0.4750915750917576
train_00971,0.3444443962736692,0.6567022502422333,0.4695970695972923
train_00972,0.0785327111600698,0.9637258589267731,0.34761904762016393
train_00973,0.009900868229936573,0.8142750263214111,0.8520146520120733
train_00974,0.7828973254803265,0.6733112454414367,0.5893772893766346
train_00975,0.9022946113652807,0.6838950216770172,0.8520146520120733
train_00976,0.49070302922106823,0.8002905905246734,0.3300366300378752
train_00977,0.7910290537996165,0.6716598868370056,0.41538461538523525
train_00978,0.7082123470157254,0.6585380494594574,0.4065934065940909
train_00979,0.7643263380345976,0.7075351357460022,0.5860805860799554
train_00980,0.8280095538099547,0.6474808990955352,0.553113553113164
train_00981,0.2575623445254598,0.6803324282169342,0.4227106227111889
train_00982,0.9030029784897762,0.688428795337677,0.5043956043955722
train_00983,0.0967750437923556,0.7992442488670348,0.4194139194145098
train_00984,0.019971577725154566,0.9950731754302978,0.3318681318693636
train_00985,0.7749891211863713,0.7221867978572845,0.17875457875693218
train_00986,0.9921573910003721,0.6919621646404266,0.5915750915744207
train_00987,0.19001513169931794,0.669227784872055,0.5326007326004938
train_00988,0.6971715964083942,0.6928977549076081,0.816483516481198
train_00989,0.022328428258703244,0.6842541635036468,0.5835164835158717
train_00990,0.046028470953271006,0.6699608981609344,0.461904761905041
train_00991,0.005520372356332591,0.7069741606712341,0.21245421245631896
train_00992,0.02566455313453366,0.7243721902370452,0.695238095236665
train_00993,0.05358223264390838,0.6836251378059387,0.7622710622691409
train_00994,0.006466953793116795,0.6903750956058502,0.5227106227104563
train_00995,0.004422282823836277,0.6429242074489594,0.5673992673987736
train_00996,0.0020477331347601864,0.6982642590999604,0.743589743587959
train_00997,8.671193486742279e-05,0.6873918533325195,0.37106227106321565
train_00998,0.17560946539741595,0.723307466506958,0.20073260073479313
train_00999,0.043174168982028936,0.9584504067897797,0.464102564102827
train_01000,0.8991428779054609,0.7060417771339416,0.45641025641057575
train_01001,0.030554816186771763,0.6923044502735138,0.34358974359088945
train_01002,0.3234283909839144,0.684353131055832,0.6322344322334634
train_01003,0.3774476754938205,0.6811086773872375,0.17142857143097853
train_01004,0.060593918652807346,0.9950336456298828,0.4219780219785936
train_01005,0.33045508032819704,0.6556604325771331,0.6347985347975472
train_01006,0.00027410909028291464,0.6238826930522918,0.7959706959685278
train_01007,0.08969296131855342,0.6857905805110931,0.28278388278547406
train_01008,0.17541591994187522,0.7351543664932251,0.20366300366517465
train_01009,0.1085207278305087,0.6910247445106505,0.34615384615497324
train_01010,0.022975659481501154,0.7438097357749939,0.3615384615394759
train_01011,0.28636799930430273,0.6684025883674621,0.6904761904747951
train_01012,0.03994335084595746,0.7004636764526366,0.4424908424912638
train_01013,0.7083028569179648,0.8332463800907135,0.1637362637387272
train_01014,0.13483588098985044,0.6820935606956482,0.8641025640998967
train_01015,0.32450395936555476,0.6940111696720124,0.3549450549461176
train_01016,0.0054128413656044086,0.6921735942363738,0.5175824175822887
train_01017,0.25372148977299414,0.6835687220096588,0.27765567765730653
train_01018,0.5226098394465817,0.7548244655132293,0.2714285714302459
train_01019,0.2721068266819354,0.6787814795970917,0.6468864468853708
train_01020,0.04068509294727237,0.6818073689937592,0.4794871794873298
train_01021,0.536641896037836,0.6695510566234588,0.6695970695958271
train_01022,0.8974212949266135,0.6887680113315582,0.2326007326026916
train_01023,0.050150671489748944,0.7624975860118866,0.46666666666691087
train_01024,0.0014774223258151673,0.7219893634319305,0.6300366300356774
train_01025,0.8985157687191183,0.672729742527008,0.6406593406583102
train_01026,0.03465015070368237,0.6868371188640594,0.2974358974373814
train_01027,0.018721955471144483,0.6843370974063874,0.6395604395594172
train_01028,0.2780225892523806,0.6190720617771148,0.68021978021846
train_01029,0.03293674493586318,0.839669942855835,0.18278388278620666
train_01030,0.9817223279036347,0.6821635663509369,0.7362637362620055
train_01031,0.8784614980976282,0.6981181621551513,0.48791208791217644
train_01032,0.6489229402714752,0.6928748786449432,0.6307692307682727
train_01033,0.9896625196826757,0.6799397587776184,0.7109890109874653
train_01034,0.995110182455406,0.6703616738319397,0.3879120879129091
train_01035,0.1715933683940205,0.6952009618282318,0.3915750915758859
train_01036,0.5053548986283113,0.6608388245105743,0.8216117216093655
train_01037,0.0026223270747289884,0.6948974013328553,0.4124542124548538
train_01038,0.072597819477906,0.9685564577579499,0.3553113553124153
train_01039,0.13319469450332708,0.7046011805534362,0.4512820512824082
train_01040,0.4502663472519597,0.666464912891388,0.7091575091559769
train_01041,0.7187272404460249,0.6658075630664826,0.8538461538435616
train_01042,0.1770327435900082,0.6750134527683258,0.9476190476157684
train_01043,0.025204148628862295,0.6683414101600647,0.7897435897414671
train_01044,0.42963726649354245,0.6702781856060027,0.5692307692302621
train_01045,0.6023611415608252,0.6561041831970215,0.5901098901092299
train_01046,0.018387108685236492,0.6765053749084473,0.5663003662998807
train_01047,0.5105538695906928,0.6268219470977783,0.6652014652002549
train_01048,0.31812316068386226,0.6945373713970184,0.34139194139310336
train_01049,0.03524640610214447,0.7024803400039672,0.4402930402934777
train_01050,0.025649460686559065,0.7020598769187927,0.44615384615424064
train_01051,0.50859761410381,0.6853944778442382,0.4677655677658039
train_01052,0.2604829130185895,0.8244708597660064,0.09780219780514425
train_01053,0.027807121442849192,0.8147382855415344,0.5091575091574421
train_01054,0.026420676672387376,0.7004402339458465,0.6864468864455205
train_01055,0.06152540450209185,0.775680410861969,0.5937728937722069
train_01056,0.3461919638345087,0.9982143104076385,0.3054945054959304
train_01057,0.1483024258399428,0.6850465536117554,0.5809523809517879
train_01058,0.07122381815658048,0.6762665688991547,0.6934065934051765
train_01059,0.027238459879653565,0.7675576865673065,0.14249084249346158
train_01060,0.0034847156388859543,0.7022598445415497,0.44322344322385915
train_01061,0.0020162576669855437,0.968637102842331,0.13663003663269868
train_01062,0.07279533405321133,0.7160100758075714,0.3494505494516523
train_01063,0.46032780279744656,0.6740004122257233,0.28278388278547406
train_01064,0.9387050928644551,0.6485901474952698,0.7234432234415865
train_01065,0.3892901218565191,0.6661153972148894,0.5853479853473601
train_01066,0.043235415060224394,0.7094708263874054,0.4142857142863422
train_01067,0.1315994649422401,0.7817133843898774,0.24761904762089654
train_01068,0.5905973868072653,0.999095743894577,0.3879120879129091
train_01069,0.1513518712137873,0.7385011315345764,0.13443223443491253
train_01070,0.17213467982862263,0.7155271112918853,0.46336996337023173
train_01071,0.09625664255018736,0.6717640817165375,0.39084249084329054
train_01072,0.6968754923158659,0.6778984189033508,0.7293040293023495
train_01073,0.45191675774833745,0.6850259900093079,0.42820512820565415
train_01074,0.011068636128775415,0.6886992216110229,0.11941391941670756
train_01075,0.8766144394898103,0.9946766853332519,0.651282051280943
train_01076,0.007209007938905614,0.6875071942806243,0.6102564102556025
train_01077,0.10495749781676333,0.8059842050075531,0.4369963369967985
train_01078,0.038872848781413345,0.7115397036075592,0.37619047619138324
train_01079,0.023026766282481792,0.9944289863109589,0.39706959707035117
train_01080,0.4796866435212493,0.6934820711612701,0.627106227105296
train_01081,0.031484845661874455,0.6513546407222748,0.8304029304005098
train_01082,0.9877248782971062,0.7025570869445801,0.5190476190474795
train_01083,0.12921640255282413,0.94076127409935,0.41282051282115145
train_01084,0.6082874720987826,0.7459445714950561,0.5498168498164848
train_01085,0.7279709852581827,0.6743244349956512,0.3340659340671497
train_01086,0.7631800836899532,0.73798868060112,0.3227106227119215
train_01087,0.1555357499904877,0.6543410837650299,0.8842490842462694
train_01088,0.03311196968730694,0.9941381454467774,0.7139194139178467
train_01089,0.014615194054087585,0.8219432055950164,0.8018315018292905
train_01090,0.05464585011929467,0.7084014892578125,0.6684981684969341
train_01091,0.2906111071997848,0.6925242960453033,0.32564102564230296
train_01092,0.6279952048209282,0.7121307075023651,0.33406593406714974
train_01093,0.09802627604269665,0.7070024073123932,0.13040293040563802
train_01094,6.552584595675981e-05,0.6076384782791138,0.4952380952381301
train_01095,0.1879551696180817,0.7342343688011169,0.17948717948952755
train_01096,0.9970029809724631,0.6967333555221558,0.6970695970681533
train_01097,0.8830805084522204,0.8701201438903808,0.17435897436135997
train_01098,0.035947352366705654,0.994665676355362,0.6142857142848771
train_01099,0.7956143841791716,0.6940051734447479,0.46813186813210156
train_01100,0.24357456103855535,0.7084609985351562,0.38901098901180214
train_01101,0.039365031071023515,0.683334368467331,0.8274725274701284
train_01102,0.6261913234294764,0.7112084090709686,0.46923076923099466
train_01103,0.4465784998632569,0.6930246293544768,0.741391941390173
train_01104,0.03678557399084259,0.7048228442668915,0.7542124542105919
train_01105,0.4792334215386048,0.7140195012092589,0.27728937729100883
train_01106,0.25092062451395974,0.7074665188789367,0.40842490842557927
train_01107,0.21352889099173722,0.6446717202663421,0.8523809523783709
train_01108,0.02265136031095959,0.6859924793243408,0.7564102564083779
train_01109,0.5995939475120301,0.7398221790790558,0.1263736263763635
train_01110,0.8993387221754516,0.696629786491394,0.9091575091545117
train_01111,0.565599757790121,0.6839733183383941,0.6318681318671658
train_01112,0.02322198235094173,0.6716843247413635,0.423809523810082
train_01113,0.8886425655543182,0.6713910520076751,0.7153846153830375
train_01114,0.01563269799501851,0.9538354098796844,0.6996336996322372
train_01115,0.8897644151399531,0.6706148564815522,0.3571428571439037
train_01116,0.6255785990559593,0.7361983478069305,0.24358974359162203
train_01117,0.9220303081676919,0.7240129888057709,0.25567765567944556
train_01118,0.959782460491239,0.989595752954483,0.2798534798550927
train_01119,0.1336689067020032,0.7495267570018769,0.673260073258804
train_01120,0.12595196953680507,0.7017489075660706,0.7293040293023494
train_01121,0.0043071114552822864,0.9764656007289886,0.7120879120863584
train_01122,0.055852477505758086,0.6592719554901123,0.4571428571431711
train_01123,0.06282532839212332,0.651297527551651,0.4802197802199251
train_01124,0.0018456699904959954,0.6932924211025238,0.4194139194145098
train_01125,0.0012244013091867818,0.6416711509227753,0.8772893772866133
train_01126,0.13820287732786996,0.6794173419475555,0.19157509157735106
train_01127,0.6834658004373548,0.6870412230491638,0.5087912087911444
train_01128,0.039577508742109635,0.968637102842331,0.13919413919678247
train_01129,0.1462013703210877,0.6924798309803009,0.5695970695965598
train_01130,0.15159657537349813,0.699314820766449,0.2117216117237236
train_01131,0.0025372786535292624,0.6383316993713379,0.513919413919312
train_01132,0.7099685754198077,0.6735104739665985,0.8062271062248628
train_01133,0.6400669159444624,0.670183664560318,0.8827838827810786
train_01134,7.559498067188919e-05,0.6128508031368256,0.703296703295214
train_01135,0.9675375870525466,0.9949164032936096,0.6106227106219002
train_01136,0.027675272480209952,0.6373240947723389,0.886813186810353
train_01137,0.005990924367126315,0.710855382680893,0.5963369963362906
train_01138,0.5672054573445664,0.7730587422847748,0.08681318681621382
train_01139,0.015042470112056871,0.6941907584667206,0.26263736263910153
train_01140,0.06063467650259912,0.7098555505275725,0.6018315018307558
train_01141,0.3207871355357864,0.6876667082309722,0.279487179488795
train_01142,0.07465203512390237,0.9985055387020111,0.6025641025633512
train_01143,0.49263523250378205,0.7050907731056213,0.48131868131881816
train_01144,0.20551534239756974,0.6931247174739837,0.5076923076922514
train_01145,0.03771969816869538,0.6972152173519135,0.5036630036629768
train_01146,0.04804661931451859,0.6865468680858612,0.31611721611856325
train_01147,9.765567632702421e-05,0.717937558889389,0.44065934065977536
train_01148,0.03930055731527878,0.7059555113315582,0.3908424908432906
train_01149,0.00030620602288800036,0.732387512922287,0.36043956044058284
train_01150,0.0030110884088508927,0.7001067340373992,0.2619047619065062
train_01151,0.14343866488438228,0.9784745693206787,0.22637362637563097
train_01152,0.21517291309980124,0.9943627059459687,0.8190476190452818
train_01153,6.22682492777278e-05,0.6399383664131164,0.7366300366283031
train_01154,0.7878095772453768,0.9778383553028106,0.2439560439579197
train_01155,0.565863059873043,0.8332463800907135,0.17802197802433684
train_01156,0.021455588379577506,0.6874050676822663,0.2289377289397147
train_01157,0.006119729947959454,0.6793706357479095,0.21245421245631899
train_01158,0.2522420206882523,0.6997101962566376,0.45494505494538506
train_01159,0.046830608187987594,0.6855962216854095,0.7161172161156328
train_01160,0.11521486108070231,0.6878985106945037,0.8040293040270767
train_01161,0.6566206537059425,0.9997164070606231,0.34542124542237784
train_01162,0.0004055472169955614,0.6879840970039368,0.7468864468846382
train_01163,0.3290227962498968,0.6841469228267669,0.33003663003787514
train_01164,0.010702389008152013,0.72487313747406,0.2267399267419286
train_01165,0.6455726425856724,0.6995468080043792,0.5036630036629768
train_01166,0.7034081035167703,0.6782937705516815,0.48205128205141357
train_01167,0.7893172907948119,0.6966433644294738,0.29084249084402314
train_01168,0.8709306913949484,0.7208002984523774,0.5783882783877041
train_01169,0.8737653730867738,0.6685778260231018,0.7670329670310108
train_01170,0.0797481926464995,0.706301885843277,0.877655677652911
train_01171,0.5054783408985417,0.9968246579170227,0.7688644688624993
train_01172,0.7,0.9938894748687744,0.6886446886433066
train_01173,0.738493340976773,0.7009889125823974,0.6380952380942264
train_01174,0.7943288426530769,0.6803042352199554,0.6139194139185793
train_01175,0.0484431661329513,0.6995496451854706,0.7571428571409733
train_01176,0.3014394200372274,0.6898320376873016,0.26556776556948297
train_01177,0.978637916294999,0.9642643749713897,0.6095238095230071
train_01178,0.5351775161429827,0.771011197566986,0.5084249084248467
train_01179,0.5964119083485451,0.6492405951023101,0.6564102564091105
train_01180,0.3244934494845214,0.65724076628685,0.5307692307690053
train_01181,0.00018759262446122268,0.672672951221466,0.9128205128174884
train_01182,0.014672998399877457,0.6891041934490203,0.11208791209075393
train_01183,0.29661175305514687,0.689538162946701,0.4131868131874492
train_01184,0.011214896527075968,0.6451338827610016,0.6794871794858646
train_01185,0.7066042514820485,0.9577121257781982,0.44322344322385915
train_01186,0.21493489471221439,0.7180590271949767,0.4750915750917576
train_01187,0.2580314305316813,0.6774864494800568,0.6318681318671657
train_01188,0.045206864579774145,0.6895110845565795,0.5047619047618699
train_01189,0.026697066180691193,0.6916095674037933,0.5597069597065223
train_01190,0.047845647661452384,0.994665676355362,0.6527472527461338
train_01191,0.2234208444335457,0.9949342250823975,0.5146520146519074
train_01192,0.7946214779184424,0.7138731181621552,0.4512820512824082
train_01193,0.06627467247839325,0.7081873416900635,0.36080586080688054
train_01194,0.0063549639719987505,0.6247998654842377,0.6578754578743014
train_01195,0.7505078778364834,0.7041288435459137,0.4538461538464919
train_01196,0.35740791896382285,0.7404557406902312,0.5135531135530143
train_01197,0.7468757102452955,0.660355418920517,0.7399267399249823
train_01198,0.07846106901961136,0.986850792169571,0.03223443223785903
train_01199,0.0026287490220114895,0.6781841754913329,0.23919413919604984
train_01200,0.0017826748662880254,0.6543173491954803,0.5106227106226329
train_01201,0.0015101682431092763,0.8142750263214111,0.9036630036600465
train_01202,0.7470728767521073,0.9946766853332519,0.7007326007311301
train_01203,0.5018415233363965,0.6984360873699188,0.37802197802287163
train_01204,0.0032302161038960664,0.6795816123485565,0.48241758241771127
train_01205,0.2992100879815226,0.8590680062770844,0.7659340659321177
train_01206,0.6404069831581486,0.7351543664932251,0.2384615384634545
train_01207,0.6408568840075635,0.656584233045578,0.5241758241756471
train_01208,0.008587038644249256,0.6076384782791138,0.599267399266672
train_01209,0.685735999249868,0.9944952964782715,0.5626373626369038
train_01210,0.2695921762376414,0.9764656007289886,0.7230769230752889
train_01211,0.3046105568143614,0.6961559772491455,0.33589743589863813
train_01212,0.1339428450783915,0.6960779786109924,0.14981684981941523
train_01213,0.4052396531486811,0.6763322830200196,0.5538461538457593
train_01214,0.3763114128547772,0.6578946232795715,0.46739926739950627
train_01215,0.07007328481187758,0.9784745693206787,0.2945054945069999
train_01216,0.6077763840665413,0.7207131862640381,0.0699633699665204
train_01217,0.05451166106987848,0.6492133617401123,0.3087912087926096
train_01218,0.9547534043762946,0.6950673103332519,0.5249084249082424
train_01219,0.8328343412329116,0.9622018873691559,0.48901098901106954
train_01220,0.24242808576716318,0.6897845447063446,0.4644688644691248
train_01221,0.016607348639452173,0.6592346608638764,0.803663003660779
train_01222,0.38399353469294534,0.6903055250644683,0.48461538461549736
train_01223,0.9095204395454164,0.6957275748252869,0.5322344322341961
train_01224,0.1773653273447079,0.6974762976169586,0.36227106227207123
train_01225,0.012078100034737492,0.7207530081272124,0.6183150183141516
train_01226,0.093502014971687,0.7041783154010772,0.2739926739943297
train_01227,0.8747546065549983,0.707602596282959,0.41648351648412835
train_01228,0.029214436900672457,0.6965917527675629,0.584249084248467
train_01229,0.11407337332712968,0.7657127499580383,0.22380952381154717
train_01230,0.8658290431289702,0.7788411557674408,0.20109890110109083
train_01231,0.14533406834096285,0.8199433863162995,0.5706959706954527
train_01232,0.042240735308245014,0.6873669743537902,0.7868131868110857
train_01233,0.9311544663681043,0.6704723000526428,0.5435897435894242
train_01234,0.0012338303289631813,0.9884204387664794,0.3399267399279126
train_01235,0.013486299548431835,0.6654292285442351,0.6285714285704866
train_01236,0.23814094488915194,0.6733423829078674,0.528937728937517
train_01237,0.027065302732140247,0.7102688848972321,0.5380952380949591
train_01238,0.83206749623002,0.998548424243927,0.5212454212452656
train_01239,0.17959796325377705,0.6993527054786681,0.26593406593578073
train_01240,4.08047308707582e-05,0.6975894033908844,0.4490842490846221
train_01241,0.2198206862492853,0.6909634351730347,0.8014652014629929
train_01242,0.9220506511174709,0.7599292695522308,0.39597069597145806
train_01243,0.014426921214843432,0.7536145269870758,0.13663003663269865
train_01244,0.9791687653521549,0.6916405320167541,0.565934065933583
train_01245,0.0020051047831014784,0.6870022416114807,0.41025641025706766
train_01246,0.3711434226540812,0.6816182255744934,0.5937728937722069
train_01247,0.9309585481860798,0.7069127202033996,0.7681318681299039
train_01248,0.04406035545479925,0.703951758146286,0.484981684981795
train_01249,0.041303317089572966,0.977742612361908,0.8010989010966952
train_01250,0.03260284730969698,0.9859382569789886,0.24322344322532435
train_01251,0.0030000620783847687,0.6716525673866272,0.3747252747261925
train_01252,0.41063582449731606,0.7408404529094696,0.21465201465410508
train_01253,0.0014221294151212974,0.6858668506145478,0.25494505494685016
train_01254,0.8203458363623867,0.6861770272254943,0.3743589743598948
train_01255,0.5696246078816101,0.7223485291004181,0.7644688644669271
train_01256,0.005317606014127179,0.9503949046134949,0.3501831501842477
train_01257,0.15020432182969717,0.7356838285923004,0.39780219780294646
train_01258,0.1164195065485837,0.6539310157299041,0.9208791208760376
train_01259,0.6709800400077598,0.6582409381866454,0.21904761904967726
train_01260,0.14515847631554812,0.6270755052566528,0.4783882783884367
train_01261,0.2491819533147193,0.694866520166397,0.8208791208767701
train_01262,0.5119462984732649,0.6717796802520752,0.3893772893780998
train_01263,0.01242911101399058,0.715008944272995,0.5051282051281676
train_01264,0.18696952153139368,0.6989777505397796,0.14212454212716388
train_01265,0.13216051165164433,0.7084609985351562,0.4637362637365294
train_01266,0.023665714087372978,0.7750774502754212,0.5183150183148841
train_01267,0.15353384425729427,0.723307466506958,0.0655677655709482
train_01268,0.17949492263385902,0.6890341460704803,0.4593406593409572
train_01269,0.27156033514131656,0.6900990068912506,0.5347985347982798
train_01270,0.016450229802789207,0.6664877474308013,0.6483516483505616
train_01271,0.07383225170650098,0.6914396405220031,0.4234432234437843
train_01272,0.058643449822783474,0.7404557406902312,0.5197802197800748
train_01273,0.9580383549463892,0.6765161633491517,0.8146520146497095
train_01274,0.025162983577021653,0.70435072183609,0.2611721611739108
train_01275,0.6987128731269687,0.6990198791027069,0.1263736263763635
train_01276,0.3717178501394381,0.705152827501297,0.1435897435923546
train_01277,0.00034983487209017117,0.7624000787734986,0.4992673992674046
train_01278,0.03860044597180823,0.6559849739074707,0.5296703296701123
train_01279,0.34488037743685507,0.6922959506511688,0.6868131868118182
train_01280,0.48441435345710093,0.6370833516120911,0.8714285714258503
train_01281,0.030583087978054736,0.6634446322917937,0.6549450549439199
train_01282,0.3495906055236348,0.6964465141296386,0.1992673992696024
train_01283,0.10459900936107502,0.6466763198375702,0.33516483516604273
train_01284,0.2815781403408514,0.7143726050853729,0.5025641025640838
train_01285,0.1865853204264533,0.7105523228645325,0.4780219780221391
train_01286,0.07802186899737706,0.6324173867702484,0.6428571428560963
train_01287,0.050945842622933,0.6761049449443817,0.6468864468853708
train_01288,0.5048082481456234,0.7017489075660706,0.5190476190474795
train_01289,0.13987060069378887,0.7102504372596741,0.13663003663269868
train_01290,0.5957098477356624,0.6770485520362854,0.5043956043955722
train_01291,0.6352154199231308,0.7567221105098725,0.36630036630134577
train_01292,0.0034357377221269597,0.6504421949386596,0.8241758241734493
train_01293,0.052944552979638466,0.692956417798996,0.542857142856829
train_01294,0.01259895142226948,0.6102867156267167,0.9175824175793584
train_01295,0.08512371865255897,0.7011794507503509,0.6355311355301427
train_01296,0.11460652168910246,0.6996466815471649,0.4989010989011069
train_01297,0.04697687234128245,0.7252470195293426,0.15201465201720132
train_01298,0.17982219543603373,0.6840439796447754,0.657142857141706
train_01299,5.059484898785928e-05,0.750767570734024,0.6780219780206738
train_01300,0.44831120783115985,0.8781347453594207,0.7340659340642193
train_01301,0.4502050625543954,0.6138490617275238,0.59010989010923
train_01302,0.018315499115035,0.7148801028728484,0.8351648351623797
train_01303,0.1326901491360448,0.7113862931728363,0.8677655677628735
train_01304,0.008437367008658464,0.723296308517456,0.4893772893773672
train_01305,0.06599150291851141,0.7007262766361236,0.546153846153508
train_01306,0.056918699762236055,0.7164553046226501,0.6216117216108307
train_01307,0.006433607206087544,0.6037267684936523,0.4622710622713387
train_01308,0.5043113512669029,0.6595678389072418,0.9399267399235172
train_01309,0.08045175714017128,0.9892060399055481,0.37142857142951335
train_01310,0.9371718336316449,0.6948184192180633,0.7098901098885723
train_01311,0.16410673861246927,0.7046271562576294,0.516117216117098
train_01312,0.29826283282501154,0.6732792913913727,0.6758241758228878
train_01313,0.19243356167096204,0.6727644443511962,0.5644688644683922
train_01314,0.002476866648712809,0.7728021264076232,0.17728937729174146
train_01315,0.7,0.9910291373729706,0.3952380952388627
train_01316,0.5565617523291762,0.7016290605068207,0.4600732600735526
train_01317,0.0874087700693158,0.6583291947841644,0.48424908424919966
train_01318,0.01382735030255744,0.7025622487068176,0.5296703296701123
train_01319,0.11530643846537947,0.6919638752937316,0.4912087912088556
train_01320,0.9812977487162444,0.6103902995586394,0.5904761904755277
train_01321,0.8573743561622778,0.6618867933750152,0.5501831501827825
train_01322,0.4697715469546087,0.7098555505275725,0.7318681318664333
train_01323,0.46017045639878995,0.6641717970371246,0.34358974359088945
train_01324,0.04823625151700655,0.6986306369304657,0.7010989010974278
train_01325,0.4908753161636622,0.9948396742343902,0.5234432234430517
train_01326,0.015039550135667934,0.9944289863109589,0.4040293040300071
train_01327,0.631105063048661,0.6412105441093445,0.4164835164841283
train_01328,0.0004467271259106428,0.6647883117198944,0.8600732600706222
train_01329,0.3710452788997035,0.7558329284191132,0.4227106227111889
train_01330,0.12302879128566185,0.7068551719188689,0.4450549450553476
train_01331,0.07670000913122565,0.6759146392345428,0.7490842490824243
train_01332,0.03233196369988378,0.6857973039150238,0.2293040293060124
train_01333,0.25201446156325713,0.6998083770275116,0.5296703296701124
train_01334,0.06564144545711957,0.6695662975311278,0.40109890109962565
train_01335,0.011384706956621199,0.7062951505184174,0.6472527472516685
train_01336,0.03724797904004843,0.976875740289688,0.22930402930601237
train_01337,0.47265473357462295,0.7341987788677216,0.4736263736265668
train_01338,0.16412397218057334,0.771011197566986,0.5776556776551087
train_01339,0.989025404620154,0.7254438102245331,0.794505494503337
train_01340,0.014522301785323528,0.6624024748802184,0.5999999999992673
train_01341,0.030497504367802998,0.6869819581508636,0.20073260073479313
train_01342,0.017244403019496257,0.6910222351551056,0.34981684981795
train_01343,0.7,0.9982386589050293,0.1417582417608662
train_01344,0.007645559859773826,0.7011096417903899,0.6223443223434261
train_01345,0.09743962730146234,0.7013557612895965,0.36703296703394117
train_01346,0.8769840300739181,0.7444213867187499,0.4952380952381301
train_01347,0.06298578385837565,0.6637042701244353,0.5153846153845028
train_01348,0.02692736065559387,0.6856488347053528,0.5358974358971729
train_01349,0.043131724460471976,0.6969009637832642,0.2208791208811657
train_01350,0.0009324328384984204,0.7409925043582917,0.15054945055201063
train_01351,0.8675382735905338,0.6938562452793121,0.11501831502113534
train_01352,0.5283891208742768,0.7087854444980621,0.8985347985318789
train_01353,0.16400468379610378,0.6897388815879821,0.20402930403147226
train_01354,0.6803017487845491,0.6955076873302459,0.3769230769239786
train_01355,0.1682484432439124,0.9580547034740448,0.6058608058600303
train_01356,0.9799998976786365,0.6872100412845612,0.48681318681328345
train_01357,0.7993239319869502,0.7088157176971435,0.10915750916037245
train_01358,0.022245697866377978,0.6758933246135712,0.5652014652009876
train_01359,0.20395214119347957,0.7236504673957824,0.3608058608068806
train_01360,0.9884538483674269,0.7020598769187927,0.46336996337023173
train_01361,0.05026717651113077,0.7335488855838775,0.07728937729247404
train_01362,0.25667016291099354,0.6760075747966766,0.8505494505468825
train_01363,0.12033684612618856,0.6757701873779296,0.3886446886455044
train_01364,0.2706054011288285,0.6871261060237884,0.2791208791224973
train_01365,0.07746328115901213,0.70435072183609,0.3553113553124153
